actual_eta_pct,actual_voc_V,actual_jsc_mAcm2,actual_ff_pct,pred_XGBoost_eta_pct,pred_XGBoost_voc_V,pred_XGBoost_jsc_mAcm2,pred_XGBoost_ff_pct,pred_RandomForest_eta_pct,pred_RandomForest_voc_V,pred_RandomForest_jsc_mAcm2,pred_RandomForest_ff_pct,pred_GradientBoosting_eta_pct,pred_GradientBoosting_voc_V,pred_GradientBoosting_jsc_mAcm2,pred_GradientBoosting_ff_pct,pred_LinearRegression_eta_pct,pred_LinearRegression_voc_V,pred_LinearRegression_jsc_mAcm2,pred_LinearRegression_ff_pct,pred_Ridge_eta_pct,pred_Ridge_voc_V,pred_Ridge_jsc_mAcm2,pred_Ridge_ff_pct,pred_KNeighbors_eta_pct,pred_KNeighbors_voc_V,pred_KNeighbors_jsc_mAcm2,pred_KNeighbors_ff_pct,pred_MLP_eta_pct,pred_MLP_voc_V,pred_MLP_jsc_mAcm2,pred_MLP_ff_pct
26.9347057,1.21415222,25.5146012,86.9461384,26.934675,1.2141405,25.514566,86.94639,26.9346831988584,1.214150619799996,25.514600681499974,86.9461821573584,26.93462028016897,1.2141518257549155,25.514444004720445,86.9463081517933,26.921371346409305,1.2141929571925618,25.503970841805625,86.93659259619099,26.92099692472535,1.2141979941700722,25.503471386384216,86.93672336762768,26.934667479999995,1.2141489319999998,25.51460128,86.94625022,26.934994,1.2141331,25.51306,86.94591
26.994789,1.21388205,25.5566779,87.0159842,26.995003,1.2138553,25.556707,87.01642,26.99533223049996,1.21389240695,25.556955722000016,87.01604682450007,26.994965444307404,1.213855577883966,25.55671605911443,87.01705844629234,26.98319777081422,1.2139132286381853,25.547463102566397,87.00786535579421,26.98348435285585,1.2139037807103603,25.548056173136644,87.00745082880718,26.998096120000003,1.213836286,25.560354940000003,87.0174057,26.997255,1.2137921,25.559015,87.01453
26.8573968,1.21495117,25.4383288,86.8993447,26.857485,1.2149104,25.438509,86.89956,26.857469258000005,1.2149491601000038,25.43840257449996,86.89947103250012,26.85710729238677,1.214951992978647,25.437651524209336,86.89989506774813,26.856734033387937,1.214954611252755,25.437072707367527,86.90128049527564,26.85668749169934,1.214957245377475,25.43692829695969,86.90143223673493,26.85784424,1.214944286,25.43881702,86.89961726,26.859158,1.2149373,25.43829,86.90192
27.0187693,1.21358641,25.5828944,87.025227,27.018726,1.2136039,25.582544,87.02538,27.018980810999963,1.2135948211000038,25.58290221200002,87.02527925099979,27.019017835840824,1.21358540597793,25.58288192492188,87.02581957282698,27.0049218759757,1.213628117567973,25.5716647224024,87.01600457280121,27.005244951443757,1.2136199284552038,25.57220804866341,87.01578579015501,27.01911644,1.213585558,25.582905239999995,87.02637012,27.018822,1.2135887,25.57861,87.02513
26.986694,1.21390616,25.5505956,87.0088698,26.98675,1.2138911,25.550627,87.00925,26.986935883999987,1.2139291970500037,25.55038989149999,87.00869918500013,26.986769803006148,1.2139025782367172,25.550629530310257,87.00898469212788,26.97610617240079,1.2139320511134888,25.542657051266744,87.00000169404134,26.97613020184459,1.2139265338891474,25.54295204129346,86.99947350328226,26.98783932,1.213891146,25.551832260000005,87.00942782,26.986542,1.2139106,25.549805,87.00827
27.1577471,1.21163529,25.7371991,87.088444,27.157776,1.2116777,25.736858,87.08835,27.157787205999963,1.2116374599499964,25.737221956000017,87.08833904800007,27.157954221895952,1.2116416146838862,25.73707261771241,87.08825311918275,27.16935772401068,1.2115993233955011,25.746563937795035,87.09641201603804,27.16929398879745,1.2116049470336372,25.746373140987885,87.09645174631427,27.15775124,1.21163799,25.737198560000003,87.08826488000001,27.150517,1.2117548,25.726261,87.08278
27.1857489,1.2111693,25.7704315,87.0993159,27.1855,1.2113063,25.770355,87.099724,27.18573470650002,1.2111651713999978,25.770431080000023,87.09956862149998,27.185619010908702,1.2111618954517451,25.770405185674303,87.09959353702496,27.21008469601595,1.211084770678688,25.791570347402693,87.11145524542196,27.209610895576265,1.2110788554490333,25.79103922269624,87.11215797680359,27.186231280000005,1.211160314,25.77099274,87.09961080000001,27.177172,1.211399,25.754639,87.095116
27.1250765,1.21213561,25.6999909,87.0736558,27.125269,1.2121739,25.699986,87.073044,27.1253003665,1.212151377,25.699980381499948,87.07327764300018,27.125753201665145,1.2121539251627325,25.70006630931669,87.07266960864195,27.125063179119003,1.2121396356248286,25.699255125421484,87.07586324785684,27.12523981445655,1.2121486802018195,25.699311576761428,87.0755916649779,27.12550694,1.212144682,25.70031272,87.07329562,27.120419,1.2121648,25.69439,87.06926
27.0885353,1.21260757,25.6602711,87.057059,27.088667,1.2126442,25.660301,87.056496,27.088711078499983,1.2126168768500034,25.660299145999964,87.05686107849989,27.08873458234077,1.212620530661499,25.660375872573766,87.05634754530348,27.082251707227364,1.2126346550554232,25.654922833992288,87.053205735393,27.082369809577997,1.2126430924047231,25.654987656542083,87.05276129859054,27.08806528,1.212627952,25.6595774,87.05643936,27.085936,1.2126096,25.659107,87.052795
27.1380901,1.21196794,25.7142451,87.0791849,27.13828,1.211988,25.71422,87.07903,27.13821405150005,1.2119738510499969,25.714282701499968,87.07903098899992,27.13744600980511,1.211964999686076,25.71442151256997,87.07970970437755,27.141452128494,1.2119598859001115,25.71645175348323,87.0830731364353,27.141523838996367,1.211960026019404,25.716479482542333,87.08319928176834,27.13779986,1.2119743079999998,25.7139361,87.07884286,27.133677,1.2119901,25.707989,87.07542
26.8826983,1.21466784,25.4646524,86.911563,26.882511,1.2146379,25.465534,86.91158,26.882547151500017,1.214666217500001,25.464603666499997,86.91135685049989,26.88262911377188,1.2146709823360098,25.464887862349126,86.9113435916525,26.877050351881007,1.214689775273496,25.45919819490826,86.91046920858436,26.876864179963484,1.2146950126860356,25.45886943745331,86.91061134120095,26.88254204,1.214667554,25.46464978,86.91108734,26.885073,1.2146645,25.464846,86.91502
27.1134437,1.21230031,25.6870032,87.0684902,27.113895,1.212332,25.687386,87.06793,27.113553999500027,1.2123096208500037,25.68698148249998,87.06824905250004,27.11353007398825,1.2123084886592623,25.68725970247527,87.06790809372337,27.110213127397703,1.2123130521919434,25.683808929706817,87.06811513912362,27.110376269245062,1.2123217773696235,25.68387636052569,87.06778586682486,27.114051260000004,1.212297242,25.687662959999997,87.06842518,27.108627,1.2123177,25.682333,87.063675
26.7793926,1.21576708,25.3575607,86.8646065,26.780119,1.2157139,25.357557,86.86482,26.77950167650001,1.2157605544500023,25.35773524499993,86.86482846850012,26.779318851888828,1.2157679032088335,25.356777742063603,86.86502818911706,26.80157227005942,1.2156974149728632,25.37585095293673,86.87852066719577,26.801813121400823,1.215690573445373,25.376184266017763,86.87865358925917,26.780322119999997,1.215749334,25.35863874,86.8651965,26.784737,1.2156757,25.361889,86.86652
26.9860562,1.21399748,25.5485534,87.0072233,26.9857,1.2139163,25.548557,87.00744,26.986103081499937,1.2139694737000015,25.54899368899996,87.00788207649994,26.985311516128952,1.2139495143835723,25.548557723964137,87.00853254349484,26.97736119393623,1.214019515435934,25.54206754297135,86.99976355184252,26.97670370067066,1.2139696287202677,25.54226132017816,87.00056555337065,26.98608008,1.213986078,25.54937492,87.00531936,26.983376,1.2139441,25.546589,87.00614
26.9903746,1.21385592,25.5547233,87.0102817,26.990265,1.213886,25.554667,87.00964,26.98986676349999,1.2138511408999986,25.55437326150003,87.01017939050001,26.990227283220968,1.2138767722623325,25.554684179320592,87.00956420650894,26.979632462113763,1.2138830060787371,25.546640948583452,87.00132934112612,26.97962798480641,1.2138780686972397,25.546895857887453,87.00080401691669,26.98783932,1.2138911460000004,25.55183226,87.00942782,26.988434,1.2138869,25.55195,87.00932
27.1117307,1.21231754,25.6853649,87.0673045,27.111628,1.2123514,25.684423,87.0668,27.111681694999938,1.2123347773499993,25.68505815150008,87.06694934950015,27.111927792177596,1.2123375353543486,25.68534946310886,87.06686881339715,27.10823947529195,1.212331175521735,25.68195381846676,87.0667650512703,27.1083811633692,1.2123401720373754,25.681999405911025,87.06642153712201,27.111744139999995,1.212335856,25.685031880000004,87.06716143999999,27.106577,1.2123421,25.680218,87.06258
27.0215765,1.21353711,25.5848612,87.0311141,27.021948,1.2135606,25.585207,87.030304,27.021655474500022,1.2135536527500037,25.584823040999986,87.0303118960001,27.02200794838181,1.2135751124866228,25.58485028067327,87.02946245745862,27.009872274349966,1.2135743306852027,25.5749203934784,87.0247208629019,27.010447418313063,1.2135863657324146,25.57552501836788,87.02365625253626,27.02159392,1.2135591,25.5848553,87.02961322,27.022856,1.213549,25.582788,87.0272
26.8951333,1.21455215,25.4763207,86.9202193,26.895264,1.2145265,25.47642,86.92067,26.89523765350004,1.2145561405499996,25.476325204000005,86.92025569950017,26.89529440671377,1.214540499394798,25.476368386802783,86.92067282895891,26.88702507824866,1.2145791743033685,25.469222651683644,86.91643988747997,26.88682394018654,1.2145846559950917,25.468875926724994,86.91657739932172,26.896067620000004,1.214543356,25.477248300000003,86.9207036,26.896996,1.2145399,25.47616,86.92254
26.8667296,1.21484286,25.4480096,86.90422,26.866863,1.2148212,25.44818,86.90407,26.86691493099996,1.2148452380499988,25.44816606000005,86.9041149024998,26.866686071966644,1.2148519700231994,25.447246592838496,86.90409665455799,26.86418287360519,1.2148546189030347,25.445150550209792,86.90497308225451,26.86411672715569,1.2148605073108414,25.444944050168505,86.90503949724464,26.86763626,1.214836766,25.448970119999995,86.90430844,26.868748,1.2148386,25.448124,86.90655
27.0695392,1.21290915,25.6392498,87.0456884,27.069069,1.2128981,25.638985,87.04587,27.069192577500058,1.212889277150002,25.639245731499983,87.04601377899999,27.069086862514496,1.2128866966314586,25.63924735859414,87.04637442111473,27.059920425048773,1.2129432993859206,25.63162572669682,87.03836098169998,27.059605988440584,1.212921067110165,25.631649716213737,87.03886104958237,27.06961968000001,1.212894366,25.63926096,87.04697032,27.065403,1.2128874,25.637304,87.04492
27.0995551,1.21248382,25.6720086,87.06154,27.098898,1.2125173,25.671673,87.06076,27.09965746599992,1.2124997238499997,25.67187850200004,87.06116816350011,27.099843514722775,1.2125075288490366,25.67221816858492,87.06107709834083,27.09338918683424,1.2125045928104994,25.666507433453685,87.05901677507822,27.09351741859624,1.2125132696367675,25.666564028400085,87.05861561661746,27.0978768,1.21251051,25.67007966,87.0607737,27.094786,1.212495,25.668163,87.05699
26.7316457,1.21622229,25.3103538,86.8389392,26.73152,1.2161299,25.310417,86.83977,26.730968935,1.2162079501499985,25.309893630000005,86.83934311900008,26.731482891482727,1.216196319262104,25.310365742045125,86.83976570224664,26.77054420767398,1.2161007181184271,25.34239483748998,86.86342334054184,26.770796193166262,1.2160842080430765,25.342891578447865,86.86372984432887,26.73084442,1.216207402,25.30978016,86.83936718000001,26.745054,1.216072,25.32284,86.84462
26.939134,1.21409594,25.5189652,86.9495924,26.939203,1.214099,25.51919,86.94937,26.939007723000028,1.2141022770499992,25.51873638050004,86.94951062200018,26.93919136592928,1.214100334137764,25.518566662799643,86.94950014865513,26.925599768564943,1.214137253851921,25.508238186665785,86.93969206462185,26.92525529003905,1.2141473131992866,25.50771580395223,86.93963728683401,26.93840868,1.214110096,25.5180931,86.94920920000001,26.938906,1.2140899,25.516947,86.948364
27.186363,1.21112671,25.7718153,87.0996691,27.186377,1.2113063,25.771582,87.09993,27.186513735499997,1.2111331823999982,25.771821539999955,87.0996657935002,27.18639871384286,1.2111297288279124,25.77178415503017,87.09973196668987,27.21087796767309,1.2110398876444617,25.79312921165631,87.1119319303226,27.210607038100814,1.2110482239324882,25.792613243424974,87.11221475356803,27.186145719999995,1.211136168,25.7712595,87.10017124000001,27.178095,1.2113893,25.755564,87.09554
26.7967722,1.21556743,25.3762389,86.8712684,26.784925,1.2156612,25.363346,86.86718,26.788293842999977,1.215671544450001,25.366771494999945,86.86875485650013,26.793903731443677,1.2155979322824286,25.363480466389888,86.86903808333477,26.813890253865768,1.215518911616946,25.389901127310445,86.88321724239843,26.81404511854535,1.2155166756675293,25.390078941217,86.88327169722331,26.80104048,1.21555263,25.37961094,86.87461944,26.80063,1.2155194,25.378296,86.87354
26.725529,1.21627047,25.3046211,86.8352974,26.72556,1.2161502,25.304766,86.836044,26.72540118199998,1.216260563550004,25.304619694500005,86.83559405242505,26.72551629873815,1.2162592317431884,25.30465211199561,86.83591477013377,26.76683163555955,1.2161440724406185,25.338533241236718,86.86148627149383,26.767080256973024,1.2161274824429245,25.339032734070127,86.86177836420273,26.72675018,1.2162559840000002,25.30577366,86.83634430000001,26.74022,1.2161208,25.318195,86.84168
27.1366958,1.21198705,25.7126914,87.0786,27.137377,1.2120234,25.712652,87.07845,27.136531074999912,1.211980536000003,25.71267504050002,87.07859428600003,27.13722288587337,1.2119946959947927,25.71252904305946,87.07799992075515,27.140544294371757,1.2119793184945329,25.715000239771644,87.08368533400972,27.140587017027183,1.21197941640608,25.715019135753924,87.08375137184083,27.13695634,1.211984052,25.71299866,87.07861042,27.13206,1.2120111,25.706324,87.07468
27.0741829,1.21280081,25.6445688,87.0503386,27.074406,1.2128258,25.645111,87.05011,27.074664415500003,1.212809803249999,25.64493802049995,87.04998829250002,27.075385844261618,1.2128081423083434,25.644658412598822,87.04938813452134,27.065661729367644,1.212833305681948,25.63746934874616,87.04486993376499,27.065784585912866,1.2128410711388729,25.63756986512367,87.04436783002038,27.07500956,1.212806908,25.64527818,87.05015118000001,27.07276,1.212787,25.645308,87.047844
27.1820451,1.21120632,25.7662382,87.0989598,27.181835,1.2113063,25.76613,87.09858,27.182071570999973,1.2112077229000016,25.76625468400006,87.09888838900004,27.18191626474006,1.211206970705859,25.766220455355647,87.09863122094266,27.20502771026835,1.2111278505380845,25.78602625940725,87.11092465014109,27.204734854698224,1.2111356184730973,25.78553070994717,87.111108515406,27.18195836,1.211206276,25.76623996,87.09867938000001,27.173138,1.2114525,25.750074,87.09292
26.6944695,1.21679211,25.2927408,86.7379196,26.695423,1.2164564,25.293386,86.73821,26.69564634,1.2167998457499989,25.293626814499994,86.73815403200003,26.694944931375392,1.2167914516004206,25.292870765720217,86.7382173940082,26.69520295853328,1.2167873316954931,25.293477284869265,86.73812442283656,26.69541227667666,1.2168040780556526,25.293490736345834,86.73755284367316,26.69698606,1.216795934,25.29512408,86.7376513,26.7103,1.2167794,25.299265,86.7369
26.8642681,1.21487587,25.4456036,86.9021127,26.864208,1.2148409,25.445353,86.902374,26.86403340199999,1.2148737380999972,25.44536195250006,86.90233164600008,26.8642062495818,1.2148631528530824,25.44636384324512,86.90284505190604,26.86220285458755,1.214885034973,25.44310666436408,86.90336546055812,26.86208094646915,1.2148861578162409,25.44290035204656,86.90359324489161,26.862921640000003,1.2148873759999996,25.44415308,86.9018883,26.866274,1.2148638,25.445772,86.90504
27.0375056,1.21338125,25.6022781,87.0343553,27.036398,1.2133965,25.601866,87.033844,27.03718413549997,1.2133672552000037,25.60229269400004,87.03427487449999,27.036646102993043,1.21334879899485,25.602259901958707,87.03442055374849,27.026492397075096,1.213419245614744,25.593075207028384,87.02763843981201,27.02634733050217,1.213392049345035,25.59341409694792,87.02796990442474,27.03694336,1.213366438,25.60227456,87.0336203,27.034107,1.2134212,25.598316,87.03266
27.1461479,1.21183049,25.7235551,87.0833913,27.146143,1.2118711,25.722412,87.08325,27.14601940299996,1.2118381860000011,25.72332456599997,87.08320614849988,27.14582851927679,1.211837965812638,25.723354618867237,87.0832450212521,27.152982172859943,1.211812218388442,25.72869898137897,87.08914978563385,27.15300618964257,1.2118159718026051,25.72863586283717,87.08917222514889,27.14569716,1.21184433,25.72293698,87.08304326000001,27.140263,1.2118999,25.715034,87.07836
27.1207666,1.21221179,25.6951589,87.0707202,27.120827,1.212233,25.694796,87.0709,27.12088113450001,1.2122125937499968,25.69518288300001,87.0709489919998,27.12107223209781,1.2121987113003625,25.69497312474779,87.07073429144994,27.119176459071024,1.2122200125549076,25.6932819866652,87.07145055468834,27.11922802227545,1.2122196728500805,25.69332625500072,87.07149027866005,27.11999166,1.2122250219999997,25.69418804,87.07057182,27.11599,1.2122195,25.689907,87.06705
26.9473472,1.21397942,25.527566,86.9551428,26.947962,1.2140167,25.527565,86.953865,26.94788138399997,1.2140135134166694,25.52759578299993,86.95432302899988,26.94792464803171,1.2140310784744426,25.52784433374479,86.95369344632131,26.931348840758464,1.2140272406617558,25.5150873340148,86.94281978884128,26.931329190573106,1.2140558394149523,25.514629124314474,86.94226363529121,26.947313760000004,1.21401382,25.52713492,86.95403938000001,26.94786,1.2140069,25.524677,86.95443
27.1422537,1.21190694,25.7189195,87.0810992,27.142921,1.2119268,25.719011,87.08092,27.142278907500028,1.211902396850002,25.71902714000001,87.08114157450014,27.141283365071523,1.211905905071168,25.71881297082613,87.08093260051274,27.14777846354859,1.2118930701081922,25.72275013926141,87.08682021567084,27.14777912657249,1.211891307484522,25.7227373968426,87.08699162428557,27.14321628,1.211885846,25.72016078,87.08150006,27.137327,1.2119408,25.711866,87.07711
26.6945827,1.2168177,25.2927839,86.7363154,26.695423,1.2164564,25.293386,86.73695,26.695750658000016,1.2168150869500003,25.293627863500024,86.73740312149995,26.69496478887994,1.2168173136295513,25.292870765720217,86.73690473906085,26.694901859686965,1.216815681695112,25.29309235402722,86.73643586724756,26.694960852166457,1.216818064074026,25.293116210280576,86.73637429541262,26.69698606,1.216795934,25.29512408,86.7376513,26.710207,1.2167778,25.299145,86.73681
27.1045686,1.21242541,25.677052,87.0647375,27.10485,1.2124522,25.677053,87.06422,27.104604540499952,1.2124315186499983,25.677043632500038,87.06444281250006,27.104882312729472,1.2124358609940278,25.677049369806777,87.06435771502606,27.10009366710384,1.2124430047669137,25.67265752105424,87.06411316068257,27.10023137060049,1.2124513003973516,25.672737002932895,87.063692092252,27.1051797,1.212422036,25.67772252,87.06466956,27.099989,1.212431,25.6735,87.059685
27.0557577,1.21310228,25.6228345,87.0432499,27.055841,1.2130823,25.623348,87.04324,27.05591940749991,1.2131091417999975,25.62284492799996,87.0432423034998,27.055810302590984,1.2130812231400925,25.622853972245647,87.04389702435162,27.045140795479224,1.213140657827278,25.61386947396789,87.03698208955294,27.045286384866905,1.2131356851963724,25.614183219240157,87.03674162394725,27.055565640000005,1.2130927020000002,25.6228438,87.04328758,27.057318,1.2130301,25.628847,87.04254
27.019569,1.21357928,25.5827761,87.0287173,27.019136,1.2136173,25.582552,87.02814,27.01940745450001,1.2135720304000033,25.5827859745,87.02868310050022,27.019267659562555,1.2135920217990692,25.582861411511143,87.0274570560529,27.00908342798828,1.2136148211677036,25.573888938993747,87.02277386639585,27.00926596659457,1.2136069010703492,25.574365528191517,87.02231085462381,27.01954842,1.213588892,25.58286122,87.02767205999999,27.017626,1.213621,25.578081,87.02514
26.694878,1.21681249,25.2927487,86.7377671,26.695423,1.2164564,25.293385,86.737976,26.695688828499968,1.2168004768499994,25.29332049399996,86.73929732449997,26.69497163947048,1.216797927333627,25.292870765720217,86.73779746079778,26.65689232417038,1.216926649636037,25.26253492228405,86.71046623294801,26.663045131581267,1.216881396965916,25.26715550763421,86.71779455717916,26.75646554,1.2162069459999998,25.34752882,86.79317994,26.701841,1.2165812,25.29347,86.76142
27.0390505,1.2133393,25.6041385,87.0360139,27.039558,1.2132843,25.604773,87.03608,27.03914186019168,1.2133396541000037,25.60415364449995,87.03623099076678,27.0392308849196,1.213321742661991,25.604160573361664,87.03651600419006,27.027281243436786,1.213378755132243,25.59410666151304,87.02958543631806,27.027528782220656,1.2133715140071002,25.59457358712428,87.0293153023372,27.03901032,1.213334788,25.6041505,87.0361672,27.040161,1.2133074,25.608234,87.03494
26.9891979,1.21378944,25.5546899,87.0113673,26.989935,1.2138804,25.554667,87.01054,26.9894114365,1.2138182418999983,25.55448042050004,87.01070465500014,26.990227283220968,1.2138386952109406,25.554684179320592,87.00965358975401,26.976637159335283,1.2138207768981764,25.545222883399767,87.0009795392419,26.977332508184475,1.213859856079847,25.54560376190727,86.99912411288398,26.98956354,1.213802302,25.55387798,87.01438884,26.991879,1.2138431,25.55532,87.0118
26.9848789,1.21393078,25.5485202,87.0083208,26.985176,1.2138958,25.548557,87.00852,26.985532095499902,1.2139376078999993,25.548976853499973,87.0083822175002,26.98518295555657,1.2139046213977371,25.548557723964137,87.00898469212788,26.974365891157756,1.213957286255373,25.54064947778766,86.9994137499583,26.974408224048727,1.213951416102875,25.540969224197973,86.99888564933792,26.98783932,1.213891146,25.551832260000005,87.00942782,26.98566,1.2139218,25.548777,87.00783
26.8549557,1.21497755,25.4358922,86.8978834,26.854868,1.2149463,25.435822,86.89803,26.85449531499996,1.2149788265000052,25.435438476000005,86.89785245750014,26.85490339403671,1.2149612154769291,25.436195006744267,86.89774825247837,26.855058820707804,1.2149802745444709,25.43520136901356,86.90040664855121,26.854977725805323,1.214980489728961,25.435056354052527,86.90062260613125,26.85402286,1.214984446,25.43491188,86.8977208,26.856705,1.214961,25.43597,86.90055
27.1366043,1.21199131,25.7126741,87.0780584,27.137377,1.21201,25.712652,87.0785,27.136667784999908,1.2119913139000031,25.71270197350007,87.07816765133327,27.13712656594538,1.2119818564758875,25.71258014835536,87.07842028267665,27.13971297174892,1.2119851176141605,25.714445079171607,87.08248598778177,27.13980280911752,1.2119849061830883,25.714497431504064,87.08261200899358,27.136867620000004,1.211982168,25.71299348,87.07847868,27.132778,1.212004,25.70709,87.07513
26.7556924,1.21601862,25.3329101,86.8542096,26.755388,1.2159395,25.33292,86.854614,26.755442981500032,1.2160018871499982,25.33292195799994,86.8545551410001,26.75551774422466,1.2159976228914475,25.332922611697697,86.8546284811467,26.786178730293265,1.215920080610503,25.35842654427868,86.87221824115483,26.7863891710003,1.21590432391276,25.35886955047322,86.87251961841386,26.75430112,1.216021988,25.33179262,86.85328442,26.763662,1.2158805,25.340763,86.85584
27.0905939,1.21260436,25.6619882,87.0580806,27.090656,1.2126244,25.661982,87.057365,27.0907432365,1.2126087179999965,25.66204482000001,87.05805504699997,27.09057481381654,1.2126133963178392,25.66193003627338,87.05730863944498,27.084855475918925,1.2126296340490488,25.657076106674197,87.05462913083058,27.084847774567105,1.2126285328353883,25.657136308812703,87.05447904759731,27.091574380000004,1.212597366,25.66301792,87.05823996000001,27.08712,1.2125943,25.66039,87.05346
27.0903443,1.2125907,25.6619802,87.058286,27.090656,1.2126244,25.661982,87.057365,27.090625471000024,1.2126019879999983,25.662040695500004,87.05817371849992,27.09057481381654,1.2126084168214462,25.66193003627338,87.05730863944498,27.084224885860294,1.2126165331689307,25.65677756663552,87.05455548832865,27.08436451633091,1.2126246986001477,25.656864288606343,87.05412538359042,27.09137462,1.2125864380000002,25.66301152,87.05840423999999,27.087967,1.2125852,25.661236,87.053894
26.9333458,1.21418042,25.5124126,86.9471872,26.933336,1.214164,25.512419,86.94748,26.93330402900007,1.2141776913999984,25.512412694000005,86.94724794700012,26.933259626478183,1.21417532488662,25.512408669588297,86.9473611478797,26.92065068245005,1.2142180777933582,25.50239773689964,86.9378148436993,26.92027900434313,1.2142225737303525,25.501926672161563,86.93789688300994,26.933300000000003,1.214175818,25.512413059999997,86.9473678,26.933384,1.2141496,25.5113,86.94549
26.9496287,1.21396686,25.5296794,86.9562055,26.950102,1.2139815,25.529701,86.95556,26.94983145149997,1.2139845413,25.529662918999943,86.95564941600006,26.94993831095925,1.2139879667144595,25.529681729467526,86.95475343982295,26.932283398769776,1.2140163660510863,25.51624854182942,86.94267073577439,26.93234408645226,1.214044306860564,25.515853988935618,86.94220379202287,26.9504962,1.2139697319999998,25.530533920000003,86.95588856,26.95062,1.2139857,25.526453,86.956726
27.1295195,1.21208993,25.7047975,87.0749147,27.129736,1.2121171,25.704716,87.07576,27.129667927000032,1.2120924211499968,25.70483716649996,87.0750780894998,27.129549269335293,1.2120774354426431,25.704799387106423,87.07514184326189,27.13031417541431,1.2120899495883342,25.70486677542501,87.0772617618324,27.13037583085517,1.212089849650536,25.704902788133925,87.07734471903845,27.128762360000003,1.2121018099999998,25.70384084,87.07487224,27.124834,1.2121048,25.698948,87.071236
27.09069,1.21260975,25.6619758,87.0580447,27.090708,1.2126089,25.661991,87.05873,27.09066046900003,1.2126026178999982,25.66208209750001,87.05810051749991,27.09063435762879,1.212598876960198,25.66193003627338,87.05851918979039,27.08504264608192,1.2126353220554238,25.6569545154798,87.05523918076449,27.085066676154064,1.2126337220089929,25.65705194137845,87.0551004729071,27.09113744,1.212594794,25.66266598,87.05821434,27.087868,1.2125877,25.661228,87.05404
26.8849976,1.21464238,25.4669948,86.9128232,26.88507,1.2146243,25.467318,86.9126,26.884996972999943,1.2146440676999988,25.46705092600005,86.91250931999984,26.88503400919881,1.214643158495845,25.466996816226587,86.91223860747579,26.878628588879337,1.2146674149801229,25.46103577592048,86.91090911689382,26.878443983042395,1.2146728020442106,25.460700051208157,86.9110691907671,26.88622378,1.21462917,25.46839256,86.91296257999998,26.887405,1.2146409,25.467102,86.91631
26.9327055,1.21417597,25.5124063,86.9454604,26.932772,1.214164,25.512419,86.94595,26.93270167999999,1.2141729364,25.512407306500045,86.94566198599999,26.93274173434409,1.214173515046297,25.512408669588297,86.94575636591905,26.919474601333665,1.214214913506169,25.501889579808932,86.93598707877668,26.919155130177824,1.2142219156670493,25.50142137061316,86.93604770943905,26.932709260000003,1.214173298,25.51240812,86.94565778,26.933157,1.2141552,25.511072,86.945015
26.7741893,1.21581722,25.3521441,86.8627012,26.774351,1.215773,25.352423,86.86286,26.774296674500032,1.215816484649996,25.352240743499987,86.86277097699987,26.77422134154209,1.2158171643549398,25.35197894552069,86.86281046480771,26.79784260560489,1.215741759538569,25.371823670251807,86.87702285056683,26.798140696509865,1.2157367808429227,25.37219426196916,86.87707985387728,26.77515452,1.215804616,25.3532315,86.86300767999998,26.780449,1.2157196,25.357605,86.864296
26.8806798,1.21469381,25.4622967,86.9112191,26.880547,1.2146645,25.46292,86.91103,26.880559282999915,1.2146923913999992,25.462271116,86.91101818850012,26.880594962657888,1.2146942818690276,25.462181755577493,86.91086241443507,26.87531119513592,1.214715006987545,25.45719152059664,86.90988205993082,26.87514315008464,1.2147198928497198,25.45688738641504,86.91002406842617,26.88049898,1.2146939959999998,25.46229432,86.9106293,26.882763,1.2146893,25.462383,86.91397
27.1675038,1.2114607,25.7490213,87.0922812,27.167522,1.211518,25.749065,87.09204,27.16744682399995,1.211466567249996,25.7488777505,87.09216246849988,27.167617698559983,1.2114620064649848,25.74903135612762,87.09208231131386,27.18339116857371,1.211408872030873,25.76226613614465,87.10187729101139,27.183249652750952,1.2114163583590474,25.76195180277205,87.10195282679574,27.167118140000003,1.211473834,25.74843748,87.09207564,27.159512,1.2116271,25.735937,87.08644
26.9853165,1.21387912,25.5506445,87.0062001,26.985186,1.2139117,25.550606,87.00631,26.984689092000064,1.2138563930499988,25.55038125350004,87.00670280550008,26.9851798973273,1.2139133447513115,25.55060965061437,87.00536163675234,26.97521711412656,1.2139050330832073,25.543234609440123,86.99710395685528,26.97509041930654,1.2139018853145267,25.543352786606125,86.99652173306079,26.98316946,1.21391756,25.54773462,87.00643174000001,26.983847,1.2139127,25.548151,87.0043
27.1106116,1.21236049,25.6836966,87.0662814,27.110477,1.2123606,25.683767,87.0668,27.11108656049995,1.2123401211500031,25.684367023000032,87.0669971305,27.1106094380287,1.212353668869156,25.68328568915624,87.06686881339715,27.106299585982654,1.21237530723553,25.67969052359377,87.06505219889075,27.10635918381688,1.2123743762133086,25.67976767082925,87.06504856550687,27.111744140000003,1.212335856,25.68503188,87.06716143999999,27.105871,1.212353,25.679592,87.06242
27.1830409,1.21118549,25.7676448,87.0988941,27.183058,1.2113063,25.76768,87.09882,27.182994821,1.211185829850005,25.76759351949998,87.0988953699999,27.1829710953879,1.2111881746193316,25.767623672851297,87.09873524061605,27.20681377792239,1.2111040404648046,25.788002630569487,87.11166439500752,27.20651070975455,1.2111120353870202,25.78749174976448,87.11185120568396,27.18355704,1.2111779,25.7682049,87.09920054,27.174232,1.2114384,25.751204,87.09342
26.9431215,1.21401999,25.5232873,86.9531764,26.94355,1.2140518,25.523293,86.9528,26.94336424250005,1.2140315939999975,25.523292787500083,86.9531096724999,26.943639715046206,1.21404856070349,25.523240946849626,86.9518262449676,26.928675126002062,1.214063346986474,25.511919451888563,86.94238169325463,26.928593264815092,1.214092252133025,25.51142220865506,86.94173620578478,26.94271738,1.21402995,25.52242404,86.9540997,26.94305,1.214051,25.520718,86.951096
26.7219723,1.21627325,25.301753,86.8333844,26.721937,1.2161502,25.301863,86.83325,26.721359710000044,1.2162767278999995,25.30118218800002,86.83310468433338,26.721863839484563,1.2162710396865923,25.30178030034728,86.83323116451342,26.765266783410127,1.2161418452691075,25.33707373000644,86.86156189138234,26.765582352309515,1.2161351802225873,25.337536050836636,86.86148469640355,26.72090456,1.2162913359999998,25.3005876,86.83262341999999,26.73765,1.2161483,25.315931,86.83965
27.1121382,1.21234897,25.6853645,87.0663574,27.111628,1.212362,25.684423,87.0668,27.11183781499993,1.2123346960499986,25.685230224000065,87.0668732610002,27.111927792177596,1.2123375353543486,25.685320925539067,87.06686881339715,27.108669332786366,1.212363176401599,25.681995737944067,87.06571299004624,27.108563471931927,1.2123533302848648,25.68202174207387,87.06598950228853,27.111744140000003,1.212335856,25.68503188,87.06716143999999,27.106249,1.2123436,25.680002,87.06241
27.1135821,1.21231813,25.6869946,87.0676838,27.113895,1.212332,25.687386,87.06793,27.11367183699993,1.2123214839000012,25.686998366999973,87.0677183895001,27.113759841873804,1.2123084886592623,25.68725970247527,87.06790809372337,27.110012158097085,1.2123319529133387,25.68355211984704,87.06698926793877,27.110075120010123,1.2123311018134604,25.683626515206985,87.06700004563301,27.114142059999995,1.212307938,25.687657799999997,87.06796598000001,27.108898,1.2123137,25.682684,87.06384
27.0213914,1.2135657,25.5848678,87.0284452,27.022163,1.2135606,25.585358,87.02839,27.02107091150008,1.2135641323999982,25.584772411500023,87.02784983449989,27.021617000569844,1.213578377622054,25.58485028067327,87.02771480802716,27.009000025870684,1.2136040560465755,25.57461700332415,87.0208157939495,27.009278201990437,1.2135956681482916,25.57515341886625,87.02049049848928,27.02031708,1.213587762,25.58368608,87.02742273999999,27.020527,1.2135805,25.580343,87.0261
26.8949743,1.21452737,25.47633,86.9214469,26.895264,1.2145265,25.47642,86.92101,26.89509761499997,1.214536446199999,25.476332439000014,86.92118757200018,26.89529440671377,1.214540499394798,25.476368386802783,86.92072395365682,26.887276585794947,1.2145555474995624,25.469543900631383,86.91784743578458,26.887200626182068,1.21457299990081,25.469188434967386,86.9175598287509,26.89673466,1.214515012,25.4781748,86.92172683999999,26.897161,1.2145386,25.476517,86.922386
27.1264091,1.21211305,25.7016006,87.0741002,27.126528,1.2121588,25.701591,87.073616,27.126526381000016,1.2121182893500042,25.701618683499976,87.07403922950017,27.12623713911624,1.2121278110833833,25.70159059207753,87.07384171568118,27.1268025726005,1.21211440318913,25.70126198903152,87.07645056396923,27.126961043896877,1.2121237996065473,25.7012937890749,87.07617906010417,27.12657246,1.212124852,25.701600480000003,87.07377738,27.121317,1.212151,25.695288,87.06955
27.0711679,1.2128614,25.6410124,87.0483687,27.072905,1.212843,25.642761,87.049416,27.07125769449996,1.2128462888500042,25.641226546499965,87.0490148880002,27.071148574427543,1.212856425938755,25.64102567960444,87.04938813452134,27.061748424689007,1.212895560003885,25.633351131931526,87.04180716099097,27.06176770004616,1.2128936695509698,25.633461336702428,87.04163065105388,27.0720574,1.2128420720000002,25.6420911,87.04895406,27.069475,1.2128327,25.641926,87.046646
26.9332838,1.21417684,25.5124109,86.9472495,26.933336,1.214164,25.512419,86.94748,26.933271761,1.2141758916499985,25.51241173699998,86.94727567450002,26.933259626478183,1.214173515046297,25.512408669588297,86.9473611478797,26.920493034935397,1.2142148025733286,25.50232310188997,86.93779643307383,26.920158189784075,1.2142216151715424,25.50185866710997,86.93780846700822,26.9333,1.214175818,25.51241306,86.94736780000001,26.933393,1.2141505,25.51127,86.9455
27.1239288,1.21218496,25.6983926,87.0718419,27.123941,1.2121929,25.698381,87.072495,27.123743883999968,1.2121697596500034,25.698406217499997,87.0722941255002,27.12391186973724,1.212172009589917,25.69825111901328,87.07266960864195,27.12351962124408,1.2121897591128346,25.697442122957145,87.07346126623831,27.123427216704886,1.2121802326854727,25.69745711958481,87.07379542279307,27.12296062,1.2121868159999998,25.69742098,87.0718929,27.118355,1.2121863,25.69237,87.068115
27.1308092,1.21205563,25.7063845,87.0761423,27.13101,1.2120881,25.706394,87.07576,27.130916322999983,1.2120615952000022,25.70637920199999,87.07607574149992,27.130976445759263,1.2120685055656444,25.706380025201327,87.07576117057067,27.13248832334786,1.2120529269804463,25.70697831792802,87.07973738595288,27.13267168684303,1.2120621314021234,25.707029265516898,87.07949462523018,27.13118502,1.2120597439999998,25.70670076,87.07598194,27.126316,1.2120883,25.700418,87.07205
26.7459779,1.21605953,25.3245198,86.8485183,26.746359,1.2160133,25.324492,86.84746,26.745915247499997,1.2160793458000003,25.32440249850004,86.84730200949991,26.746309275261645,1.2160887305283987,25.32429441962853,86.84750190051886,26.7792786511535,1.215956776880132,25.35208278483084,86.86893668851549,26.779766786868866,1.2159596208322068,25.352568982078758,86.86865211218938,26.74771048,1.21606312,25.32620086,86.848123,26.758081,1.215948,25.335646,86.85175
27.0886917,1.2126255,25.6602627,87.0563034,27.08876,1.2126442,25.660301,87.056496,27.088831433999957,1.2126287438499976,25.66031820700008,87.05633134250014,27.08873458234077,1.212620530661499,25.660375872573766,87.05634754530348,27.08205097466316,1.2126535550551691,25.65466621343092,87.052080031667,27.082068859904528,1.2126524164169723,25.65473797249858,87.05197559975018,27.08812786,1.21263512,25.65957402,87.05613718000001,27.085802,1.2126113,25.659065,87.05282
26.6946709,1.2168178,25.2927832,86.7365976,26.695423,1.2164564,25.293385,86.736916,26.695736987999968,1.2168080672,25.293313331499945,86.73893734999994,26.69489741969945,1.2168173186295512,25.292870765720217,86.73690473906085,26.655645340236127,1.2169353483154786,25.261702181384,86.70866721360609,26.66186881971677,1.2168896316314286,25.266372951259424,86.71608551290828,26.75646554,1.2162069459999998,25.34752882,86.79317994,26.70015,1.2165977,25.291807,86.75976
26.9332489,1.21417155,25.5124128,86.9475091,26.933336,1.214164,25.512419,86.94748,26.933270351999987,1.2141741282000014,25.512412962000013,86.94739344299983,26.933259626478183,1.214173515046297,25.512408669588297,86.9473611478797,26.920543277260546,1.2142100773929798,25.50238730435492,86.93807790087003,26.92023347709281,1.214219284060583,25.50192112843965,86.93800492230619,26.9333,1.214175818,25.51241306,86.9473678,26.933321,1.2141511,25.51126,86.945435
27.0383198,1.21333579,25.6041287,87.0339464,27.038525,1.2132843,25.604366,87.034645,27.038457261416653,1.213331941249998,25.60413804449996,87.03463342016681,27.038759918165045,1.213321742661991,25.604160573361664,87.03551995579114,27.024989634668664,1.2133790051370617,25.593131130350347,87.0255142949539,27.02527178585326,1.2133721903647592,25.593589579289148,87.02535352898386,27.0384705,1.213332122,25.60414274,87.03464715999999,27.040394,1.2132913,25.608732,87.03468
27.1665192,1.21149131,25.7475553,87.0918827,27.16644,1.2115377,25.747791,87.09198,27.16652672949997,1.2114860538500016,25.74765065249999,87.09196267649993,27.16638497073908,1.2114908104703108,25.747526547969205,87.09203666876027,27.18175947620223,1.2114421039648882,25.76026994170235,87.10102712705184,27.181574200012783,1.211444528084604,25.759975335774488,87.1012575453126,27.16690504,1.211478186,25.748143700000004,87.09207336,27.158636,1.2116396,25.735096,87.08617
26.8827295,1.21467249,25.4646506,86.911337,26.882511,1.2146379,25.465708,86.91158,26.882551733000025,1.2146677817000004,25.464603070500008,86.91126189949976,26.88262911377188,1.2146709823360098,25.464887862349126,86.9113435916525,26.877000168739954,1.2146945002734324,25.45913403976792,86.91018778265287,26.87678894254512,1.2146973436890978,25.458807016442435,86.91041491649085,26.88254204,1.214667554,25.46464978,86.91108734,26.885033,1.2146648,25.464766,86.915054
27.1807929,1.21122855,25.7648284,87.0981152,27.180773,1.2113063,25.764778,87.0981,27.18081562850008,1.2112303302999996,25.764812084000045,87.09811500849997,27.18082446071969,1.2112318349009714,25.76481149417353,87.0981472743971,27.203496384178976,1.211151632472227,25.78415837524564,87.11063733804453,27.203209876796794,1.2111591261925294,25.783679084971368,87.11080608334304,27.18082954,1.211230028,25.76482556,87.09813571999999,27.172125,1.211466,25.749008,87.09247
26.9256447,1.21424784,25.5057884,86.9400738,26.925577,1.2142382,25.505781,86.94014,26.92566786449998,1.2142441289999988,25.5057348995,86.94059698449999,26.92565872220585,1.2142492783690004,25.50543421061129,86.94030077577386,26.91269957335081,1.2142883634339114,25.49541519234665,86.9309196899413,26.912389039816592,1.2142927769878986,25.494971383166764,86.93111154663175,26.92435756,1.214260856,25.50445586,86.93952834000001,26.926575,1.214228,25.504692,86.94066
27.1108614,1.21237407,25.6837048,87.0660805,27.110477,1.2123712,25.683767,87.0668,27.11104126049996,1.2123472467500025,25.684213933500036,87.066858762,27.1106094380287,1.212353668869156,25.68328568915624,87.06686881339715,27.106930176041285,1.212388408115648,25.679989063632444,87.06512584139269,27.10684244205308,1.212378210448549,25.680039691035603,87.06540222951377,27.110802900000003,1.21234849,25.68403934,87.06659596,27.10513,1.2123603,25.678886,87.062035
26.9561278,1.21393246,25.5360552,86.9579237,26.955956,1.2139593,25.536036,86.957634,26.95600865599998,1.2139241756000008,25.53604747350006,86.95815878950009,26.95601326795345,1.213955287330255,25.53604217707648,86.95730223060183,26.938114565246245,1.2139845066162962,25.522094387432865,86.94386129886153,26.93788792410724,1.2139916419791714,25.52165463822839,86.94411396302873,26.953635400000003,1.21396125,25.5335034,86.95651061999999,26.95623,1.2139217,25.530867,86.959984
26.9327324,1.21417271,25.5124099,86.9457686,26.932772,1.214164,25.512419,86.94595,26.932725131999977,1.2141738113499982,25.51240854550006,86.94567078950033,26.93274173434409,1.21417532488662,25.512408669588297,86.94575636591905,26.91968237280527,1.2142134639066744,25.50202832263434,86.93628687346896,26.919351132264868,1.214220543330694,25.501551756356825,86.936332519563,26.932709260000003,1.214173298,25.51240812,86.94565778,26.93309,1.2141547,25.511105,86.94493
26.9049471,1.21438611,25.4877791,86.9247287,26.905273,1.2144089,25.487799,86.92409,26.905212309000007,1.214403201149999,25.487783634999985,86.92434670350013,26.905265908079546,1.2144057436252038,25.487779875736138,86.9239247674714,26.89434947790805,1.2144249587699152,25.47855443092679,86.91936290811358,26.89439703274014,1.2144529242539133,25.47815348810029,86.91887371197411,26.9038815,1.214409964,25.4859557,86.92579724000001,26.907822,1.2144336,25.486988,86.92783
26.9892732,1.21396645,25.552624,87.0059572,26.98882,1.2138911,25.552635,87.00681,26.988942506999937,1.2139393738999988,25.552718832499966,87.00650869500008,26.98864158092038,1.2139263850272453,25.552626290815653,87.00803995392003,26.976938701190736,1.213998016219414,25.543414427437888,86.99539430434456,26.97647649606158,1.2139472399691495,25.543727041585317,86.99648409348063,26.99106898,1.213954392,25.5538699,87.00836802,26.986738,1.2139248,25.55006,87.00912
26.9120532,1.21437154,25.4923112,86.9332721,26.912138,1.2143655,25.49234,86.93257,26.912165762999983,1.2143811452000026,25.492302238500017,86.93297892649989,26.911923643642496,1.214385632362376,25.492343990858103,86.93255216221411,26.901376687645065,1.214404838025249,25.48361340694254,86.92622632017655,26.90124836354489,1.2144202512469042,25.483231470741504,86.92600625532964,26.91175156,1.2143869639999998,25.4918564,86.93274476,26.913237,1.2143698,25.491732,86.93271
26.9942449,1.21394256,25.5566899,87.009852,26.993858,1.2138646,25.556696,87.0105,26.99391856800001,1.213912253549999,25.556842530500017,87.01045249299983,26.993543794564623,1.213898860882055,25.55669687976285,87.01248476052223,26.98135635735795,1.2139759821788616,25.546822612240742,86.99962132133913,26.98101600728585,1.2139234191438786,25.54727168529988,87.00076757026355,26.99637024,1.21393021,25.557932099999995,87.01335858,26.993048,1.2138541,25.55561,87.01267
27.0924665,1.21259809,25.663703,87.0587311,27.092049,1.2125936,25.663696,87.05918,27.092255493000025,1.212580845299997,25.66378253249994,87.05902096399996,27.092120005939623,1.2125819386796686,25.6636006451086,87.05932137016744,27.087412392885632,1.2126231912214929,25.659259729830094,87.05589997191997,27.08727096426911,1.212612676080549,25.65930601262308,87.05604140968876,27.091574380000004,1.2125973659999998,25.66301792,87.05823996,27.088121,1.2125803,25.661474,87.05398
26.7968846,1.21558605,25.3762319,86.8703262,26.784925,1.2156612,25.363346,86.86718,26.789286184499943,1.2156648721000023,25.36781096149994,86.86888999650004,26.793903731443677,1.2155979322824286,25.363480466389888,86.86903808333477,26.81368952130156,1.215537811616692,25.38964450674908,86.88209153867243,26.813744168871885,1.2155259996797785,25.389829257173496,86.88248599838295,26.8011914,1.21555624,25.37985762,86.8740061,26.799875,1.2155244,25.3774,86.87353
27.1614007,1.21157488,25.7416595,87.0894098,27.161566,1.2116096,25.74168,87.08979,27.161446459000075,1.2115756293499995,25.741675348000005,87.08944895300017,27.16128677862205,1.211576283335929,25.74149288760409,87.08968971561407,27.17445785399193,1.2115340681359168,25.752290058666777,87.09804994628416,27.17435021468028,1.2115379013306171,25.75206337304767,87.09819852113839,27.16142242,1.211574672,25.741661260000008,87.08948827999998,27.15414,1.2117038,25.730265,87.084366
26.8527152,1.21500022,25.4334437,86.8973769,26.853207,1.2149719,25.433422,86.89758,26.852762748999968,1.2150020708500036,25.43351484149998,86.89715571949995,26.85313410276695,1.2150000936908747,25.43386029276431,86.89698311320764,26.85336984710377,1.2150007812585832,25.43325884984228,86.90010092582918,26.85333193334484,1.2150030388895832,25.433136724025136,86.90023175806657,26.85402286,1.214984446,25.43491188,86.8977208,26.85442,1.214984,25.43349,86.89961
26.9860883,1.2138207,25.5506328,87.012916,26.986307,1.2138911,25.550627,87.0118,26.98616517550002,1.2138519544500022,25.550376096000026,87.01179781100001,26.98656793391789,1.213861176593703,25.550629530310257,87.01014237734452,26.977058527582827,1.2138422795425312,25.54387509976577,87.00534799131034,26.97755876487654,1.2138822468810089,25.544137274442896,87.00320499160442,26.98417048,1.213825892,25.5497897,87.00923146,26.987087,1.2138776,25.551003,87.00815
26.9498402,1.21400624,25.529662,86.9541266,26.950264,1.2139815,25.529701,86.95473,26.950105490499947,1.2140177854500025,25.52966969599994,86.95412939199976,26.94993831095925,1.2139879667144595,25.529681729467526,86.95475343982295,26.93183121784338,1.214058892674226,25.51567071964492,86.94013752560848,26.93166650067364,1.2140652868591972,25.51529183696852,86.9404356943412,26.9523777,1.213976738,25.53222476,86.95569824,26.95121,1.2139807,25.52652,86.95738
26.8010458,1.2155342,25.3801027,86.8742702,26.801062,1.2155128,25.379765,86.87385,26.801118047499987,1.2155414340999984,25.38007322899996,86.87408821149998,26.801034632892623,1.215546010615176,25.37976361271813,86.87379376654215,26.815233079176483,1.215487688128686,25.39145750921342,86.88449352029096,26.815556766623544,1.2154944471961249,25.391683714350112,86.88428224056779,26.800998159999995,1.215544594,25.37985298,86.87422794,26.804102,1.2154889,25.381271,86.8758
27.0392659,1.21332987,25.6041734,87.0372647,27.039896,1.2132843,25.604727,87.036995,27.03894559469167,1.2133253238350037,25.604156931499997,87.03661592651673,27.039193991978248,1.2133340287898076,25.604160573361664,87.03638465629165,27.029151719338167,1.2133657071130806,25.59535577286312,87.03228396533093,27.0292932500174,1.2133591620088315,25.595747421686468,87.03187886874352,27.038115259999994,1.213344938,25.60340114,87.03510526,27.038391,1.2133511,25.605198,87.03463
26.9779433,1.2139827,25.5423047,87.0034045,26.978184,1.213928,25.542353,87.00414,26.9785223265,1.214007684449997,25.542342275000053,87.00335282799998,26.978165256871296,1.2139608567558582,25.54234512340492,87.00434177797426,26.96821251092341,1.214004541546057,25.53523736350016,86.99460201246342,26.96815057658702,1.2140001108338028,25.535444867935595,86.99401667387681,26.98093878,1.213935822,25.54605782,87.00364062000001,26.97968,1.2139572,25.543163,87.00256
26.826054,1.21527432,25.4059649,86.8853924,26.82652,1.2152592,25.410374,86.88469,26.82825052450001,1.2152649104000022,25.408178978499976,86.88560817449992,26.826395587437226,1.2152928967639052,25.406234029704823,86.88467606797066,26.833093163875848,1.2152495892000097,25.411220747589702,86.89189055030823,26.83331481828312,1.2152586174143238,25.411293709335197,86.89170883746868,26.82680596,1.2152722660000002,25.40697126,86.88453364,26.82827,1.2152494,25.406052,86.88733
26.9849406,1.21390044,25.5505741,87.0036997,26.985106,1.2138911,25.550606,87.003716,26.98519604950007,1.2139252023000018,25.550452756000027,87.00316164800005,26.985174618356737,1.2139025782367172,25.55060965061437,87.00446317989633,26.971267207170136,1.213932582329274,25.54059669742249,86.99140626684303,26.971364483818626,1.21392796380536,25.540873925362074,86.99110917836677,26.98453284,1.213917954,25.54933742,87.00534106,26.985561,1.2139202,25.54925,87.00659
27.0390473,1.21333912,25.6041385,87.0360162,27.039558,1.2132843,25.604773,87.03608,27.039130940191672,1.2133390980000032,25.604153294499948,87.0362367687668,27.0392308849196,1.213321742661991,25.604160573361664,87.03651600419006,27.02728071077986,1.2133787567559544,25.59410623559161,87.02958505953566,27.027528333207336,1.2133715149781734,25.594573224255075,87.02931502704635,27.03901032,1.213334788,25.6041505,87.0361672,27.040157,1.2133074,25.608229,87.03494
27.152578,1.21173101,25.7311788,87.0853601,27.152636,1.2117648,25.731493,87.08549,27.152439301500003,1.2117283137500012,25.73107949799997,87.08544504549987,27.15240611932676,1.211725410032665,25.731082502531606,87.08537470351231,27.16206653130808,1.211702590965251,25.73856072996244,87.09273783968466,27.16198556790015,1.211702643659081,25.73842539283066,87.0929329018063,27.15203004,1.21173539,25.73057096,87.08534512,27.146091,1.2118177,25.721474,87.08093
26.6977119,1.21680949,25.2957057,86.7370483,26.697464,1.2164564,25.295742,86.737175,26.698251758499996,1.216786022650005,25.29600792699999,86.73943931399998,26.697457654121383,1.2167982038939928,25.29575559507316,86.73711043095041,26.658330382069156,1.216929767921607,25.264156665753628,86.70936482601253,26.664314736949915,1.216870502820605,25.268763032607225,86.71720328169339,26.75646554,1.2162069459999998,25.34752882,86.79317994,26.701462,1.2165816,25.293032,86.76082
27.0935316,1.21256699,25.6653892,87.0586661,27.093672,1.2125673,25.666039,87.059235,27.093790028500017,1.2125677023000012,25.66556796150002,87.05883916350017,27.09342088299545,1.2125592853687914,25.66562532992947,87.05932137016744,27.08773672541052,1.2125920788464857,25.660382542327422,87.05536685365065,27.087779502850683,1.2125907482125486,25.66047344894057,87.0552911648762,27.09419314,1.212557924,25.66608084,87.05909678000002,27.090738,1.2125494,25.664133,87.05529
27.1855726,1.21114931,25.7704231,87.1002175,27.185612,1.2113063,25.770355,87.100464,27.18563328900002,1.211152842450002,25.770425676999903,87.10014865899997,27.1856156255726,1.2111462630943743,25.770405185674303,87.10041534427778,27.21066690521137,1.2110649516061576,25.791773175400767,87.1140591271001,27.21039097180912,1.2110726525436843,25.79128743952293,87.11426884655604,27.186145720000003,1.211136168,25.7712595,87.10017123999998,27.177727,1.211397,25.755127,87.09559
26.7426973,1.21609897,25.3217038,86.8447064,26.742834,1.216026,25.321749,86.84557,26.742801955999976,1.2161013036499977,25.32165181950006,86.84505777049982,26.742927303509767,1.2160948254785873,25.321732676814687,86.8453825176022,26.77710450321995,1.21599379948802,25.349971242327825,86.866461064395,26.777470930881,1.2159873390806195,25.35044250469578,86.86650220599766,26.74179894,1.216112226,25.32057928,86.84469902000001,26.754913,1.2159783,25.332684,86.84978
26.7660205,1.21589118,25.3439558,86.8589713,26.765713,1.2158455,25.343266,86.85874,26.76591180149996,1.2158968704999975,25.34379073799998,86.85877763899997,26.7661073653358,1.2158985291359774,25.343972178399373,86.85868373575528,26.79248791161129,1.215807042396054,25.36598920435326,86.87493261314496,26.79283374314325,1.2158039015888968,25.366394736024272,86.87489291260178,26.765005360000004,1.215906184,25.3428551,86.85837755999998,26.773663,1.2157878,25.35089,86.86064
26.8003826,1.21553463,25.3788623,86.8763363,26.801432,1.2155128,25.379765,86.875885,26.800635104749997,1.2155422771499995,25.379007013500026,86.8761128417498,26.80135775882355,1.215546010615176,25.37976361271813,86.87592959325656,26.816251571962315,1.2154875770154332,25.39189107861906,86.88630291645282,26.816559876120166,1.215494146592721,25.392121051165727,86.88604302872483,26.80090144,1.215544382,25.37936052,86.87561550000001,26.804012,1.2154862,25.380974,86.876305
27.1749068,1.21133491,25.7577138,87.0956575,27.174356,1.2113904,25.75784,87.09534,27.174706987000032,1.2113371584999986,25.75751715350004,87.09552058000027,27.1750124935284,1.2113385012088644,25.757503582710747,87.09555357523762,27.194264866907982,1.2112692878936968,25.774198714180084,87.10633391964724,27.194025298305743,1.211275819048777,25.773785804814683,87.10649720093801,27.1743948,1.211345262,25.75713556,87.09522766,27.1663,1.2115395,25.742968,87.08966
26.8849362,1.21463878,25.4669932,86.9128886,26.885117,1.2146243,25.467318,86.9126,26.885050064999984,1.2146421587499985,25.467120763000008,86.91257925350006,26.88503400919881,1.214643158495845,25.466996816226587,86.91223860747579,26.87847094136468,1.2146641397600937,25.46096114091081,86.91089070626833,26.878323168483345,1.2146718434854005,25.460632046156565,86.91098077476538,26.88622378,1.2146291699999998,25.46839256,86.91296258,26.887442,1.2146416,25.46707,86.91635
26.810803,1.21543977,25.3905642,86.8768393,26.810835,1.215408,25.390484,86.87671,26.81073423500004,1.2154349917499991,25.39056122699999,86.87696880050017,26.810775484264447,1.2154437352959664,25.390476947447787,86.87661785574079,26.822820532951862,1.2153998614309582,25.399782935797,86.8869159248659,26.822924343936613,1.215398760345041,25.399884099984742,86.88698511802525,26.8111439,1.21544657,25.390563640000003,86.87746034,26.81279,1.2153984,25.390875,86.87934
26.8574277,1.21495014,25.4383322,86.8995071,26.857485,1.2149104,25.438509,86.89956,26.857474883999977,1.2149478602000032,25.438404401500005,86.89957593050012,26.85710241269433,1.214953148781318,25.437645803127545,86.89989506774813,26.856941864043645,1.214953161472848,25.437211497517534,86.90158033183263,26.856883543676755,1.2149558729332228,25.437058723022155,86.90171707744675,26.85785042,1.2149440779999998,25.43881768,86.89964972,26.859161,1.2149365,25.438406,86.90184
27.144922,1.21185787,25.7220144,87.0827071,27.145077,1.2118876,25.722237,87.08256,27.14481098700004,1.211858350699999,25.721927341499985,87.08261132549971,27.145059088012037,1.2118591371102228,25.722271397994124,87.08265199056765,27.15140066362952,1.2118407253225203,25.726766942077013,87.0885810476058,27.15140597432277,1.2118418105250994,25.72672181685049,87.08867336837584,27.14543634,1.211849576,25.72262936,87.08287102,27.139364,1.2119126,25.71407,87.078
26.8939896,1.21456424,25.4763179,86.9156673,26.89402,1.2145265,25.47642,86.91624,26.893869014000053,1.2145559528999976,25.476305109500032,86.91591454249972,26.894030171433407,1.214552332316912,25.476368386802783,86.91651395227947,26.88552229889485,1.2145957986042109,25.46862076881532,86.91246121789034,26.88517151551808,1.214590124067831,25.46823234733581,86.91305801185572,26.89559382,1.2145345600000002,25.47816666,86.91666899999998,26.896387,1.2145458,25.476011,86.921295
26.9022892,1.21444363,25.4832222,86.9275665,26.902756,1.214456,25.483246,86.927055,26.90287065949998,1.2144805862000014,25.48323215200004,86.92676637299974,26.902640380618987,1.2144543426611591,25.483230489982944,86.92677275738524,26.89316330584293,1.2144751705694836,25.47551703938766,86.92226012895308,26.893212418363166,1.2145020072525494,25.47517375672809,86.92166121506877,26.9038815,1.214409964,25.4859557,86.92579724000001,26.904282,1.2144669,25.483038,86.92708
27.0693034,1.21283963,25.6392603,87.0498843,27.069178,1.2128981,25.638845,87.04875,27.069824482500007,1.2128728266999962,25.63927982749996,87.04911097500009,27.069580615087915,1.2128737727024572,25.639256366040417,87.04812136882691,27.06124485445445,1.2128710474014082,25.632506939035576,87.0447992608183,27.06145279054184,1.2128907846956547,25.632583467682466,87.04379490131102,27.06953102,1.212868314,25.63925792,87.04856530000002,27.068005,1.2128634,25.639616,87.04641
27.0775684,1.21275846,25.6480948,87.052295,27.077847,1.2127892,25.648155,87.05202,27.077804467999965,1.2127715898499978,25.64808949449999,87.05212944449978,27.0781806820254,1.2127689861041124,25.648280036292498,87.05208674583268,27.069374538218483,1.2127899506381077,25.64133113429784,87.04680717027185,27.06950072166758,1.2127977963074368,25.641428870776608,87.04631943249801,27.07835088,1.212755642,25.64880126,87.05261508,27.075813,1.2127436,25.648605,87.048904
27.0371627,1.21334072,25.6022963,87.0360974,27.036398,1.2133965,25.601942,87.0352,27.03686133849996,1.21333221815,25.60229570399999,87.03573882149969,27.036646102993043,1.2133465824722078,25.602259901958707,87.03450217035946,27.026944045344564,1.2133767206153157,25.593652603291453,87.03017127319552,27.027024467267463,1.213371070317475,25.593975886045804,87.02973772681555,27.03673828,1.2133421160000002,25.60228548,87.0346675,27.035397,1.2134006,25.600578,87.033455
26.9066493,1.21443209,25.4877714,86.9269634,26.90661,1.2144089,25.487799,86.926895,26.906904917999974,1.2144443752000007,25.48780213350005,86.92680504150017,26.906953817618184,1.2144174301930095,25.487796908228223,86.92742333302284,26.896189971063627,1.2144672321408134,25.478952991747835,86.92090159287665,26.89597734135556,1.214473225952741,25.47857606970674,86.92106793822748,26.90799912,1.2144182040000002,25.48915174,86.92761048000001,26.908329,1.2144226,25.487038,86.92935
26.9911568,1.21397229,25.5526455,87.0115373,26.990482,1.2138807,25.552645,87.012024,26.990680171000022,1.2139410428499957,25.552755296500003,87.01186669999998,26.990173045551973,1.2139263850272453,25.55264964617978,87.01282916665983,26.981776541923438,1.2139974884314635,25.545473882114685,87.00398893611336,26.98124126617053,1.2139458121029807,25.545804391459484,87.00484783722656,26.99142574,1.213955534,25.55387418,87.0094216,26.987812,1.2139151,25.550756,87.01036
27.0916862,1.21256683,25.6636994,87.0584797,27.091997,1.212609,25.663687,87.057816,27.0919448735,1.2125798431499963,25.66368462499997,87.05842691699989,27.09206046212737,1.2125864990445236,25.6636006451086,87.05811081982203,27.085964042605383,1.2125913014548817,25.658784240947146,87.05514263698218,27.08608554620976,1.2125998184364637,25.65884633964461,87.0547126563652,27.09137462,1.212586438,25.663011520000005,87.05840424,27.08889,1.2125714,25.662132,87.0542
26.8935255,1.21452435,25.4763191,86.9170179,26.89402,1.2145265,25.47642,86.916794,26.893654036,1.214533528200002,25.476309052000047,86.9168109825,26.893969422597397,1.214540499394798,25.476368386802783,86.91663332510869,26.8849843851858,1.2145557993085048,25.468567896222652,86.9137758757733,26.884943130910976,1.2145736773374394,25.46820402394424,86.91359774951884,26.894492860000003,1.214525968,25.47723954,86.91688855999999,26.8966,1.2145494,25.476072,86.92126
27.1136744,1.21231387,25.6870114,87.0682291,27.113895,1.212341,25.687386,87.0676,27.11360109950005,1.2123124623500028,25.686982618499982,87.06819235500001,27.11353007398825,1.2123208723699013,25.68725970247527,87.06765140958237,27.11084348071992,1.2123261537937111,25.68410728044708,87.06818861416671,27.110859327919787,1.212325612036452,25.684148219456844,87.06813940848026,27.11428274,1.21231166,25.6876678,87.06811626,27.108315,1.2123191,25.68205,87.06345
26.9023876,1.21444526,25.4832222,86.9277676,26.902756,1.214456,25.483246,86.92702,26.902909623000006,1.2144817205499991,25.48323104950004,86.9268149485,26.902640380618987,1.2144543426611591,25.483225245324856,86.92677275738524,26.893162773186003,1.2144751721931948,25.475516613466237,86.92225975217067,26.89321196934984,1.2145020082236226,25.475173393858885,86.92166093977791,26.9038815,1.214409964,25.4859557,86.92579724000001,26.904274,1.214467,25.48303,86.92708
27.1461879,1.21183492,25.7235529,87.0832084,27.146143,1.2118711,25.722498,87.08325,27.146097747499965,1.2118390041499996,25.72339310749996,87.08316659900001,27.14582851927679,1.211837965812638,25.723354618867237,87.0832450212521,27.15293198971889,1.2118169433883783,25.728634826238626,87.08886835970235,27.152930952224207,1.2118183028056675,25.72857344182629,87.0889758004388,27.14569716,1.21184433,25.72293698,87.08304326000001,27.140394,1.2118981,25.715208,87.078445
26.8826681,1.21466888,25.464649,86.9114024,26.882511,1.2146379,25.465708,86.91166,26.882574612500022,1.214666320400002,25.464638060500025,86.91132097049974,26.88262911377188,1.214670267609165,25.464887862349126,86.9113435916525,26.8768425212253,1.214691225053403,25.459059404758253,86.91016937202738,26.87666812798607,1.2146963851302877,25.458739011390843,86.91032650048913,26.88254204,1.214667554,25.46464978,86.91108734,26.885069,1.2146655,25.464733,86.915085
27.1602828,1.21159888,25.7401807,87.0891034,27.16011,1.211644,25.73907,87.08921,27.160186442000008,1.2115956816000035,25.74013527050004,87.08917805249976,27.16033247741623,1.2115941799194512,25.740193868049552,87.08923005011765,27.1727825821277,1.211559731608045,25.750418672988207,87.09717605769502,27.172640398895894,1.2115611457900004,25.75019138982171,87.09738885994683,27.15971552,1.211604186,25.73958416,87.08892125999999,27.152771,1.2117212,25.728783,87.08368
26.9352885,1.21414674,25.514606,86.948396,26.93524,1.2141405,25.514566,86.947914,26.935319193499925,1.2141505634999985,25.514606277999945,86.948220111,26.935138172303063,1.2141500159145924,25.514444004720445,86.94791293375395,26.922282374821528,1.2141848458593432,25.504393931341937,86.93866500765886,26.92195445708129,1.2141944040047958,25.50390313915912,86.93859216449309,26.93529352,1.214151092,25.51460554,86.94810196,26.93514,1.2141304,25.513191,86.946335
26.9835013,1.21390644,25.5485688,87.0054578,26.983496,1.2139163,25.548536,87.00575,26.983215716500048,1.213878002149999,25.54869962049997,87.00612982500003,26.98359304987772,1.2139172149877426,25.54853784426825,87.00536163675234,26.97347683288352,1.2139302682250912,25.54122703596104,86.99651601277223,26.97336844151068,1.2139267675282543,25.54136996951064,86.99593387911645,26.98280656,1.213922438,25.54731952,87.00632566,26.982994,1.2139242,25.547092,87.00405
26.7818619,1.21573749,25.3602545,86.8655026,26.781282,1.2156985,25.359625,86.86566,26.781823650500023,1.2157331312999966,25.360213715999954,86.86582964900009,26.78194575317169,1.2157351640028111,25.36043428278005,86.86599955264035,26.803311426804505,1.215672183258814,25.377857627248357,86.87910781584932,26.80353415127968,1.2156656932816885,25.37816631705603,86.87924086203395,26.780322119999997,1.215749334,25.35863874,86.8651965,26.786942,1.2156543,25.36416,86.867455
26.6976558,1.21678397,25.2957153,86.7386528,26.697464,1.2164564,25.295742,86.738434,26.698226428999977,1.2167652939500009,25.29603012699999,86.7407586549999,26.69745185220772,1.2167757925992102,25.29575559507316,86.73834668075196,26.658631480915464,1.216901417921988,25.26454159659568,86.71105338160154,26.664766161460115,1.2168565168022318,25.269137558672483,86.71838182995394,26.75646554,1.2162069459999998,25.34752882,86.79317994,26.703302,1.216566,25.29498,86.76241
26.6947897,1.21681239,25.2927495,86.7374851,26.695423,1.2164564,25.293386,86.738014,26.695714562000003,1.21680777545,25.293635463500024,86.73778088499999,26.69503900865096,1.216797927333627,25.292870765720217,86.73779746079778,26.69614884362122,1.2168069830156705,25.293925094927275,86.73823488658948,26.696137164030954,1.2168098294085137,25.293898766655367,86.7380833396835,26.69698606,1.216795934,25.29512408,86.7376513,26.709887,1.2167815,25.298794,86.73673
26.9455558,1.21400445,25.5254148,86.954897,26.946075,1.2140306,25.525425,86.953865,26.94571862549999,1.2140208863499995,25.525417014500032,86.95423792350007,26.94594347370873,1.2140373763414714,25.52525806231727,86.95369344632131,26.92960968401338,1.2140524723758048,25.513080659703174,86.94223264018774,26.92960816069425,1.2140807195786365,25.51264707327621,86.94167636251643,26.945837160000004,1.2140336619999998,25.525414,86.95371552,26.94606,1.2140265,25.522858,86.95356
27.1379312,1.2119502,25.7142539,87.0799197,27.13828,1.211988,25.71422,87.07903,27.13806270900006,1.211960726449996,25.71426485449998,87.07954876749994,27.13744600980511,1.211964303813723,25.714417477036108,87.07970970437755,27.14165286105821,1.2119409859003656,25.7167083740446,87.0841988401613,27.141824788669837,1.2119507020071552,25.71672916658584,87.08398498060872,27.13737798,1.211965692,25.71362542,87.07916008000001,27.133108,1.2119982,25.707342,87.075134
26.8526542,1.2149966,25.4334422,86.8974439,26.853207,1.2149719,25.433422,86.89758,26.85290561500002,1.2149982531500032,25.433698027999963,86.89726521699978,26.85313105276695,1.2150000936908747,25.43386029276431,86.89698311320764,26.85321219958912,1.2149975060385538,25.43318421483261,86.90008251520369,26.85321111878579,1.215002080330773,25.433068718973548,86.90014334206485,26.85402286,1.214984446,25.43491188,86.89772079999999,26.854504,1.2149843,25.433498,86.899635
26.8479581,1.21505557,25.4285195,86.894849,26.84795,1.2150276,25.428581,86.89476,26.84815368949998,1.2150537283500031,25.42870620199994,86.8949755330001,26.84799798312398,1.2150485977939018,25.42937811038955,86.894374110651,26.84958999950819,1.2150498508242256,25.429167412017016,86.89832168326873,26.84958427103551,1.2150515772901955,25.429084298965652,86.89846159797457,26.84887652,1.215042984,25.42950808,86.89534334,26.849674,1.2150325,25.428461,86.89746
26.7262099,1.21625416,25.3046344,86.8386281,26.726175,1.2161502,25.304766,86.83857,26.72617628849996,1.216250209400001,25.304631364000063,86.83881175,26.726213723325447,1.2162523208384926,25.30465211199561,86.8385805988357,26.768051097646005,1.2161250606059704,25.33922362050213,86.86442153884053,26.76838451570459,1.2161178573956837,25.33971991620445,86.86432497355162,26.72698112,1.216242524,25.30578164,86.83802812,26.740608,1.216115,25.318382,86.8422
27.1062053,1.21243307,25.6787281,87.0637617,27.106,1.2124335,25.678722,87.06452,27.106037202999893,1.212419470499997,25.678709804,87.06426050500014,27.10602388573021,1.2124200390346975,25.67872544357895,87.06452251448918,27.101244188557512,1.2124498850459813,25.67427254543753,87.0618388519502,27.101131599545447,1.212439879084561,25.6743040533184,87.06208654203625,27.1056699,1.212436154,25.678057560000003,87.06409404,27.100195,1.2124221,25.673819,87.05956
26.7488042,1.21604557,25.3273324,86.849047,26.748766,1.2159935,25.32738,86.84848,26.748163149500037,1.2160505880499968,25.326792538000078,86.84845883549991,26.748741581614357,1.2160449387551882,25.3274880069398,86.84824913089632,26.781648397957213,1.2159446460462011,25.35438799918113,86.86959747967096,26.781971074983907,1.2159385749037632,25.354823053323376,86.86959304897104,26.74771048,1.21606312,25.326200860000004,86.848123,26.759172,1.2159319,25.336761,86.85241
26.7264195,1.21627392,25.3046278,86.8379214,26.726175,1.2161502,25.304766,86.83822,26.72625108649997,1.2162652380500023,25.30462660600004,86.83799830300022,26.726213723325447,1.2162592317431884,25.30465211199561,86.83806434491666,26.767850128345383,1.2161439613273657,25.338966810642354,86.86329566765568,26.768083366469646,1.2161271818395205,25.339470070885746,86.86353915235976,26.727220479999996,1.216257904,25.30577762,86.83772172,26.74024,1.2161167,25.317965,86.84219
27.1551471,1.21168555,25.7341976,87.0866501,27.155046,1.2117202,25.73389,87.08651,27.15499221599998,1.2116841175000033,25.73406842700002,87.08669374949983,27.155122587460284,1.211683594409666,25.73393685799968,87.08665961290176,27.16563854824795,1.2116549711795157,25.742513377637696,87.09421724568811,27.165537178232064,1.2116554777027209,25.742347391827675,87.09441822118647,27.15460282,1.2116911519999998,25.7335938,87.08654568,27.148323,1.2117854,25.72392,87.081856
27.1614232,1.21157381,25.7416639,87.0895442,27.161566,1.2116096,25.74168,87.08974,27.1614203275,1.211573330150002,25.741662934499967,87.08957271199978,27.1612773138552,1.2115790990970758,25.74149288760409,87.08962936467663,27.17466568464764,1.21153261835601,25.752428848816784,87.09834978284114,27.174546266657693,1.211536528886365,25.75219379911013,87.0984833618502,27.161426920000004,1.211574458,25.74166214000001,87.08951518,27.153973,1.2117052,25.730064,87.08423
27.1513623,1.21175364,25.7296591,87.0849777,27.151157,1.2117893,25.729279,87.08505,27.15136943350004,1.211748285199998,25.729742113499988,87.08510493699993,27.150750326615128,1.211748888152384,25.73025451329663,87.08528082071598,27.160327374563,1.2117278226793,25.736554055650814,87.09215069103112,27.160264538021305,1.2117275238227652,25.73644334179239,87.09234562903151,27.15178692,1.211739918,25.730267020000003,87.0852687,27.145185,1.2118324,25.720476,87.08064
26.9090268,1.21442696,25.4900342,86.9272937,26.90904,1.214398,25.490053,86.92791,26.908849919499986,1.2144178233499971,25.49002143800003,86.927420025,26.90892893459582,1.214412397264194,25.490040939607947,86.92779108928946,26.89777577962628,1.2144623206239804,25.48067312094553,86.92051596893478,26.89745264586137,1.2144589660157368,25.48028774803095,86.92102517436805,26.90926232,1.214411408,25.4904988,86.92758362,26.910458,1.2143998,25.489044,86.93068
26.9107658,1.21438581,25.492356,86.9279388,26.91088,1.2143655,25.49234,86.92849,26.910803632,1.2143849241499962,25.49234658100002,86.92815713299973,26.91074793104544,1.214385632362376,25.492343990858103,86.92852009926106,26.898884346312737,1.214423988029813,25.48238125521848,86.92102947508637,26.898690417504024,1.214430251616812,25.481997778862866,86.92125878313594,26.90990262,1.214388406,25.49142772,86.92813094,26.912663,1.2143804,25.491121,86.93176
27.156348,1.21165793,25.7356967,87.0874139,27.156435,1.2116934,25.735847,87.087326,27.156411876500005,1.211662137349998,25.7356895545,87.08734056200026,27.15618970106628,1.211659782620237,25.73598558223003,87.0874502767056,27.167363944069137,1.2116245828878631,25.744448871132,87.09537251834404,27.16732218154445,1.2116299023481725,25.74428175574571,87.09542427650025,27.1564687,1.211662392,25.735697000000005,87.08747926000001,27.149569,1.2117695,25.725233,87.08244
27.1564953,1.2116574,25.7356976,87.0879211,27.156506,1.2116934,25.735847,87.08765,27.15653897000006,1.2116615669499993,25.73569056549994,87.08778566699988,27.15628768862385,1.211659782620237,25.73598558223003,87.08760899785648,27.167618567265595,1.2116245551095504,25.74455726348341,87.09582486738451,27.1675729589186,1.2116298271973214,25.744391089949616,87.0958644735395,27.15649816,1.211662286,25.73569718,87.08758073999999,27.149614,1.2117695,25.725273,87.0825
27.0922167,1.21258443,25.6636949,87.0589363,27.092049,1.2125936,25.663696,87.05918,27.092136108,1.2125734831499966,25.663786430499943,87.05915261199996,27.092120005939623,1.2125769591832756,25.6636006451086,87.05932137016744,27.086781802827005,1.2126100903413748,25.65896118979142,87.05582632941803,27.08678770603291,1.2126088418453085,25.659033992416724,87.05568774568187,27.091712340000004,1.212582888,25.66335118,87.05859216000002,27.088879,1.2125728,25.662212,87.05438
27.0528991,1.21311182,25.6210083,87.0395728,27.052242,1.2131149,25.620445,87.04017,27.05284418249996,1.2130993601000015,25.6210242965,87.04023567549979,27.052984372376013,1.2130965562711389,25.6210289902437,87.04072516756186,27.040642045374423,1.21315191971062,25.61119119915496,87.03079863283574,27.040761054762896,1.2131482688916015,25.61142803863357,87.0306389839568,27.05406084,1.21310428,25.62175326,87.04132050000001,27.054155,1.2130644,25.625664,87.040474
27.1651162,1.21150849,25.7460944,87.0910921,27.165056,1.2115597,25.745085,87.09095,27.165037207000022,1.2115091141000027,25.74601831150003,87.09105123850014,27.16513868638042,1.211511867383125,25.746125814414093,87.09093928764244,27.17997679914849,1.211459767036638,25.75838812347906,87.10041629563342,27.179818856978088,1.2114644828742178,25.75809780882662,87.10055592341729,27.1646848,1.2115183560000002,25.74550224,87.0910026,27.157204,1.2116587,25.733482,87.08544
27.0030844,1.2138163,25.5647577,87.0199271,27.003567,1.2137808,25.56518,87.02023,27.00321546949996,1.2138246691999977,25.56476419399995,87.01972712650014,27.003528015658933,1.2138080977378791,25.564780453988003,87.02114095519863,26.98926893261301,1.213855204618126,25.55360422767636,87.01071985813695,26.9897552335208,1.2138438508994347,25.55436922644978,87.0105000598912,27.0031943,1.2138002139999997,25.56475794,87.02143358000001,27.006939,1.2136918,25.56598,87.01798
27.1421513,1.21189914,25.7189195,87.0813307,27.142921,1.2119137,25.719011,87.08101,27.142351983000022,1.2118999155500012,25.71912813750002,87.08121247650011,27.141175957791653,1.2119034835027285,25.71881297082613,87.08093260051274,27.147670999174988,1.2118850698882262,25.722739659392087,87.08708323097686,27.147733549431813,1.2118880179226497,25.72273181280188,87.08709963299394,27.14321628,1.2118858460000002,25.720160780000004,87.08150006000001,27.13724,1.2119427,25.711718,87.07707
26.9352503,1.21415066,25.5146077,86.9479862,26.93524,1.2141405,25.514566,86.947914,26.93524644599993,1.2141506739999988,25.514605995,86.94797845750004,26.935138172303063,1.2141518257549155,25.514444004720445,86.94791293375395,26.92244008152029,1.2141881208989604,25.50446861367621,86.93868346014906,26.92207532153071,1.214195362455709,25.503971184529508,86.93868061108267,26.93528588,1.214151876,25.51460588,86.94802002,26.935131,1.2141294,25.513222,86.94632
27.0745877,1.21283251,25.6445683,87.0493672,27.074406,1.2128258,25.645111,87.05009,27.074771571,1.2128162685999984,25.644963848499952,87.0497810654999,27.075402226761614,1.2128288479765004,25.644658412598822,87.04938813452134,27.066091586862065,1.212865306561812,25.637511268223463,87.04381787254093,27.065966894475597,1.2128542293863622,25.63759220128652,87.04393579518691,27.07500956,1.212806908,25.64527818,87.05015118000001,27.071571,1.2128055,25.644073,87.04743
26.9101849,1.21441369,25.4900525,86.9319228,26.9103,1.214398,25.490053,86.93202,26.91021501100004,1.214410809300003,25.4900601045,86.9322001554998,26.910128880736288,1.214412397264194,25.490040939607947,86.9318231522425,26.90026812095861,1.214443170619416,25.481905272669582,86.92571281402495,26.90001059190224,1.2144489656458288,25.48152143990959,86.92577264656175,26.9110932,1.2144064500000002,25.49095424,86.93229980000001,26.911032,1.2143892,25.489655,86.931625
26.9891701,1.21382038,25.5526494,87.0160085,26.989939,1.213875,25.552645,87.015465,26.98989005799997,1.2138483879499986,25.552827188999963,87.01571600650009,26.99013186178414,1.2138531213331514,25.55264964617978,87.0147124149565,26.9797358433229,1.2138454808242751,25.54527566376494,87.00898702235716,26.98037624841458,1.2138833083773624,25.54569906074317,87.00690058385513,26.98956354,1.213802302,25.55387798,87.01438884,26.991537,1.2138419,25.554453,87.01178
26.9965802,1.21385511,25.5587266,87.0167133,26.996672,1.2138499,25.558659,87.01706,26.997008991500035,1.2138789879500032,25.558669752000014,87.01657775399983,26.99663304573285,1.213841797683446,25.558762395658043,87.0171300541573,26.9849369275593,1.2138879969241363,25.549469776878016,87.00845250444775,26.985205382734694,1.2138789005466764,25.550038224174912,87.00803810158196,26.998096120000003,1.213836286,25.560354940000003,87.0174057,26.998383,1.2137861,25.559853,87.01499
26.7818018,1.21573385,25.360253,86.8655728,26.781282,1.2156985,25.359625,86.86566,26.781776916000023,1.2157321796999974,25.360186194999933,86.8658402730001,26.78194575317169,1.2157351640028111,25.36043428278005,86.86599955264035,26.80315377928985,1.2156689080387846,25.37778299223869,86.87908940522384,26.803413336720627,1.2156647347228784,25.378098312004443,86.87915244603222,26.78032212,1.215749334,25.358638740000004,86.8651965,26.78722,1.2156528,25.36444,86.86752
26.8869344,1.2146129,25.4693336,86.9132129,26.886919,1.2146045,25.46929,86.913025,26.88666760649997,1.214621448850003,25.4689435605,86.91306949199974,26.887061559563733,1.2146137755469673,25.469331315927672,86.91309299931096,26.880210098109764,1.2146389080460442,25.46296781522244,86.91147785492187,26.880044198362192,1.2146469633217165,25.462614097194837,86.91156804754014,26.88622378,1.21462917,25.46839256,86.91296258,26.889753,1.2146169,25.46953,86.9174
27.1486176,1.21178884,25.7266129,87.0839553,27.148952,1.2118076,25.726984,87.08402,27.148802483999965,1.211790278299999,25.726767226999986,87.08392290250012,27.148154514099403,1.2117893672974311,25.72586132533841,87.08358250471125,27.15664789324952,1.2117674422450693,25.732590928106237,87.09093430033367,27.156667350548705,1.211771400217253,25.732515758754666,87.0909683183597,27.149432580000003,1.211779224,25.72753112,87.0841528,27.142885,1.2118658,25.717905,87.079666
26.9549295,1.21392971,25.5339263,86.9615046,26.95513,1.2139512,25.533964,86.961205,26.95514752250001,1.2139451288000005,25.533966739999997,86.96096597699977,26.955209607784017,1.213947189577892,25.53395791775205,86.96032394375113,26.93724818963737,1.213980011345261,25.52039152919692,86.9471795959428,26.937336559564343,1.2140072187559054,25.52004454956096,86.94669271959178,26.95518526,1.213917356,25.53477166,86.9603358,26.955437,1.2139354,25.530048,86.960976
26.9412129,1.21404523,25.5211223,86.9525845,26.941677,1.2140734,25.52114,86.951935,26.941421630416688,1.21405929925,25.52110265199998,86.95231788158343,26.941816593868445,1.2140763089470863,25.52120578117952,86.95125926173789,26.92693531823185,1.214088580685059,25.509912257006302,86.94179408408927,26.92687168614219,1.2141171334835763,25.50943971410998,86.94114859654341,26.94231476,1.2140350999999998,25.52199102,86.95390669999999,26.941278,1.214071,25.518873,86.950226
26.925583,1.21424426,25.5057868,86.9401367,26.925577,1.2142382,25.505781,86.94014,26.92568827750004,1.2142420156499996,25.505778494499975,86.94066580199991,26.92565872220585,1.2142492783690004,25.50543421061129,86.94030077577386,26.912541925836152,1.214285088213882,25.49534055733698,86.93090127931582,26.91226822525754,1.2142918184290885,25.49490337811517,86.93102313063004,26.9243452,1.214260138,25.50445552,86.93954093999999,26.926565,1.2142291,25.504644,86.94067
27.0714173,1.21287514,25.6410201,87.0481583,27.072905,1.212843,25.642761,87.04885,27.071260917999982,1.2128541919000015,25.64110542300003,87.04886933550014,27.071148574427543,1.2128623645952266,25.64102567960444,87.04938813452134,27.062379014747638,1.2129086608840032,25.6336496719702,87.0418808034929,27.062250958282352,1.2128975037862104,25.633733356908785,87.04198431506077,27.0721073,1.2128448200000002,25.642092660000003,87.04891204,27.068506,1.212849,25.64076,87.04636
27.1352544,1.21200826,25.7111152,87.0777882,27.134417,1.2120531,25.711056,87.07736,27.13542322999997,1.212012756600003,25.71118362849996,87.07777528599978,27.13430713723371,1.2120204243474977,25.71111860975685,87.07790432169386,27.137739319643163,1.212003240943952,25.71258996793155,87.08113589992844,27.13780770324165,1.2120033008508402,25.712620476889395,87.08124767929073,27.13446678,1.2120245959999998,25.71017544,87.07727002000001,27.13073,1.2120284,25.704975,87.07403
26.9985221,1.2138319,25.5607662,87.0176927,26.998821,1.2138499,25.560852,87.01776,26.998160211000062,1.2138059887000026,25.560905739500058,87.01790885599999,26.998774504777053,1.213841797683446,25.560738628339283,87.01724990369212,26.98672406052719,1.2138641836034336,25.551446999883105,87.00919300287899,26.98698213581767,1.2138553155184528,25.55199998973064,87.00878134244161,26.998096120000003,1.213836286,25.56035494,87.0174057,26.999763,1.2137777,25.56084,87.015526
27.087079,1.21263295,25.6585413,87.0564265,27.087296,1.2126597,25.65855,87.05587,27.08717577124996,1.2126399308499982,25.658534580500003,87.0562589357499,27.087513286013863,1.212644475227004,25.65847936883708,87.05589821540747,27.080512550482283,1.2126598867694725,25.652916159680665,87.05261858673947,27.080648779699143,1.2126679725684075,25.65300560550381,87.05217402581577,27.0874828,1.212637938,25.65888544,87.05619806,27.085014,1.2126232,25.658236,87.05249
26.9417711,1.21407742,25.5211374,86.9520286,26.941677,1.2140806,25.52114,86.95157,26.941723726000006,1.2140759634999976,25.52111143550001,86.95206926449997,26.941816593868445,1.214100334137764,25.52120578117952,86.95125926173789,26.92835414586376,1.2141180576653248,25.510583972093315,86.94195977971864,26.92795901717363,1.2141257605128677,25.51005175957428,86.94194434055892,26.9427601,1.21406742,25.52200532,86.95298027999999,26.941011,1.2140656,25.51892,86.94991
27.1499515,1.21176981,25.7281396,87.0844342,27.149927,1.2117893,25.72849,87.08436,27.14988005300008,1.2117715676499974,25.72805774299996,87.08435587099973,27.15032064709852,1.2117686464377535,25.72800780641996,87.08432763669961,27.158336866853556,1.2117469355309567,25.734533447277517,87.09124002305572,27.158313143009188,1.2117488510566312,25.734435388782057,87.09135916642438,27.149432580000003,1.211779224,25.72753112,87.0841528,27.143904,1.21185,25.719051,87.08004
26.8018512,1.21555482,25.3801014,86.8754121,26.801558,1.2155128,25.379892,86.87564,26.80179775913327,1.215558898599997,25.379985978500017,86.87534224113338,26.8015905734152,1.2155500179559366,25.37990612907646,86.87574969801345,26.81605107613452,1.2155064762935297,25.39163464735611,86.88517738018567,26.816259126008177,1.2155034701733818,25.391871528397424,86.88525745223595,26.80132456,1.2155528639999995,25.37985246,86.8746968,26.803392,1.2154899,25.380331,86.87634
27.1408531,1.21192488,25.7173673,87.0805721,27.141268,1.211957,25.71722,87.08081,27.140802188999984,1.211926576999999,25.717283689000045,87.08056966350011,27.14088126228201,1.2119237819888533,25.717214068689746,87.08093260051274,27.145787955839147,1.211912182959849,25.720729530888114,87.08590954769544,27.145827731560377,1.211912634718388,25.72072944383226,87.08600516167844,27.14029598,1.2119321639999998,25.71674486000001,87.08036849999999,27.136059,1.2119579,25.710457,87.0765
26.7966432,1.21557148,25.3762261,86.8706046,26.784925,1.2156612,25.363346,86.86718,26.78966529499992,1.215659851500003,25.368228024999947,86.86904981099998,26.793903731443677,1.2155979322824286,25.363480466389888,86.86903808333477,26.81305893124293,1.215524710736574,25.389345966710408,86.88201789617048,26.813260910635687,1.2155221654445376,25.38955723696714,86.88213233437605,26.80127144,1.215553218,25.38010454,86.87363615999999,26.800848,1.2155201,25.378254,86.87383
27.088785,1.21262206,25.6602791,87.0567949,27.088657,1.2126442,25.660301,87.05639,27.088689715499985,1.2126204400500038,25.66023979249997,87.05673804349992,27.08873458234077,1.2126301582690568,25.660375872573766,87.05631893731466,27.082882060549583,1.212647756657191,25.655221184732547,87.0532792104361,27.082852868252715,1.212646927071552,25.65525951547324,87.05311484024594,27.088265080000003,1.2126387280000002,25.65958378,87.05628626000001,27.085196,1.2126169,25.658382,87.05239
27.0212874,1.21356556,25.5848678,87.0281202,27.022142,1.2135606,25.585323,87.02839,27.021023983500086,1.2135625582499987,25.584772735000023,87.02781055199992,27.021617000569844,1.213578377622054,25.58485028067327,87.02771480802716,27.00899949321376,1.213604057670287,25.57461657740272,87.0208154171671,27.00927775297711,1.2135956691193648,25.575153055997045,87.02049022319842,27.0202963,1.213587736,25.58368608,87.02735774,27.020525,1.2135805,25.58034,87.0261
26.8894484,1.21459625,25.471687,86.9144993,26.889528,1.2145573,25.471912,86.91475,26.88950502350009,1.2145912070499996,25.471801397499977,86.91465325900008,26.888989023163408,1.2145922596723857,25.471692828769378,86.91480220726913,26.88215042267816,1.214624520194324,25.4649242684554,86.91210709696577,26.88192035595594,1.2146279670909126,25.46455962919429,86.91235808543718,26.89071692,1.214577562,25.473082240000004,86.9151764,26.892038,1.214592,25.471758,86.91879
26.7315424,1.21620366,25.3103605,86.8399106,26.73152,1.2161299,25.310417,86.83977,26.730737732499964,1.2162023714999983,25.30969672999997,86.83966585600001,26.731482891482727,1.216196319262104,25.310365742045125,86.83976570224664,26.77074494023819,1.2160818181186814,25.342651458051343,86.86454904426785,26.77109714283973,1.2160748840308275,25.34314126249137,86.86451554316923,26.73013206,1.216207824,25.30920992,86.83897948,26.745419,1.2160703,25.323254,86.84463
26.8807108,1.21469846,25.4622949,86.9109927,26.880547,1.2146645,25.463093,86.91103,26.880575445499936,1.21469484285,25.462270115000035,86.91089854950008,26.880594962657888,1.2146942818690276,25.462181755577493,86.91086241443507,26.87526101199487,1.2147197319874816,25.457127365456294,86.90960063399932,26.875067912666267,1.214722223852782,25.456824965404167,86.90982764371608,26.88050518,1.2146949260000002,25.46229396,86.910584,26.882723,1.2146896,25.462305,86.914
26.7252905,1.21625578,25.3046157,86.8355896,26.72556,1.2161502,25.304766,86.836136,26.725374088999956,1.216259080350004,25.304618945999984,86.83561450717507,26.72544664678441,1.216249688315669,25.30465211199561,86.83622097155445,26.766201282237336,1.2161309708388508,25.33823489049645,86.86141279645072,26.766597198298303,1.2161236477760955,25.338760875138977,86.86142482254733,26.72671024,1.216245712,25.30576826,86.83696654,26.741161,1.2161167,25.31918,86.841995
26.982847,1.21400103,25.5465239,87.0035329,26.981844,1.2139395,25.546518,87.003914,26.982396483000045,1.2139650132999988,25.54654502649995,87.00458959450016,26.98178863528021,1.213969443369875,25.546525626280413,87.00419579095296,26.97484377470672,1.2140195825185494,25.54074341231677,86.9961445222802,26.974008927525706,1.2139695216826372,25.540769071043904,86.9969595394608,26.98059066,1.214019504,25.54484102,87.00066512,26.979156,1.2139434,25.543615,87.00094
27.1012199,1.2124673,25.6736884,87.0623782,27.101913,1.2124931,25.673729,87.06212,27.10141914100008,1.2124770170499968,25.67368367900003,87.06233671399987,27.1014739621354,1.2124805101672524,25.67366154604982,87.06208380770374,27.09536283893999,1.212486469480708,25.668362544693743,87.06036686293155,27.095512524472102,1.2124948749690154,25.668440983014754,87.05997994632031,27.10167462,1.212471748,25.67402474,87.06237931999999,27.096836,1.2124705,25.670277,87.05809
27.1820043,1.2112019,25.7662405,87.0991394,27.181835,1.2113063,25.76613,87.09858,27.18205137250005,1.2112055341999988,25.766255822500035,87.09897729049995,27.18191626474006,1.211206970705859,25.766220455355647,87.09863122094266,27.205077893409403,1.211123125538148,25.786090414547598,87.11120607607258,27.204810092116592,1.2111332874700351,25.785593130958045,87.11130494011609,27.181950179999998,1.211205392,25.766240419999995,87.0987153,27.173008,1.2114545,25.749868,87.0928
27.0221329,1.21356823,25.5848776,87.0306187,27.022337,1.2135606,25.585207,87.03012,27.02192923600002,1.2135690999500048,25.584830997999987,87.030058611,27.02203730769614,1.213578377622054,25.58485028067327,87.02936597506626,27.01129110198188,1.2136038076654685,25.575592108565413,87.02488655853126,27.01153474934451,1.2135949927617058,25.576137063832174,87.02445199655176,27.02118604,1.21359274,25.58408112,87.02852082,27.020683,1.2135866,25.5805,87.02634
26.897643,1.21447054,25.4809318,86.9184396,26.897953,1.2144763,25.48094,86.91823,26.89785176999996,1.2144792588499993,25.480934492999943,86.91848114350017,26.89802829638622,1.214490488209018,25.480942707743232,86.91799236654295,26.88846269867597,1.2145053358804063,25.472581244845905,86.91495017308037,26.88838519066867,1.214523917010071,25.47216812602078,86.91477229506839,26.897032860000003,1.214492966,25.48001058,86.9180055,26.9007,1.2145051,25.480465,86.92314
26.9816051,1.21393057,25.5464892,87.0046964,26.981216,1.2139163,25.546518,87.005104,26.98172826999994,1.2139254143500002,25.54654613549997,87.00526938399989,26.981473950187908,1.2139237646859506,25.546525626280413,87.00470511338712,26.971690824413585,1.213954078117959,25.53925071212341,86.9957763097705,26.97159263634472,1.2139503505064344,25.539408970012133,86.99519121942636,26.9816524,1.213924978,25.54689474,87.00386868000001,26.98197,1.2139347,25.545889,87.00366
26.9554868,1.21396172,25.5339417,86.9609571,26.95513,1.2139593,25.533964,86.96069,26.95535704049996,1.2139551593000013,25.53396541099997,86.9609276975,26.955209607784017,1.2139628939588356,25.53395791775205,86.96031549332375,26.93866701726928,1.2140094883255268,25.521063244283933,86.94734529157216,26.938423890595782,1.2140158457851966,25.52065659502525,86.94748846360729,26.955516440000004,1.2139483800000002,25.53478508,86.95913606,26.955347,1.213926,25.530344,86.960464
26.7847431,1.21572807,25.3629343,86.8663415,26.784925,1.2156612,25.363346,86.86718,26.785178203999934,1.2157042278500034,25.363601538499957,86.86717113849998,26.78489415172191,1.2156953092226344,25.363480466389888,86.86717840306768,26.804993737576137,1.2156639701869372,25.379611135190963,86.87915579540473,26.805139019477643,1.2156504004981992,25.379919001982152,86.87954963450909,26.783426780000003,1.215715976,25.36186328,86.86660478,26.788815,1.2156332,25.365932,86.86885
26.7522813,1.21602494,25.3301225,86.8522426,26.75229,1.2159721,25.330162,86.85207,26.75222922699999,1.2160236087499998,25.33011694350001,86.85218782200003,26.752238944009164,1.2160311370993235,25.330132506955795,86.85216898200704,26.783621813326555,1.215926523438059,25.356242921122774,86.87094740006545,26.783965981298294,1.2159201806675992,25.35669984666284,86.87095725632241,26.75357608,1.216015808,25.33123782,86.85327432,26.761963,1.2159033,25.339296,86.85438
26.9052305,1.21442884,25.4877621,86.9226437,26.905344,1.2144089,25.487799,86.92301,26.905433321000064,1.214436819550002,25.48776896149997,86.92270438950031,26.905465086668976,1.2144174301930095,25.487785120394225,86.9233268788982,26.893898362295506,1.214467482145632,25.477977460585144,86.91683045151248,26.893720344988164,1.2144739023104,25.477592061871608,86.91710616487416,26.90462018,1.2144469,25.48639286,86.92404908,26.907778,1.2144333,25.486603,86.92823
27.0948107,1.21252385,25.6671063,87.0600494,27.095026,1.212554,25.667181,87.05938,27.095006847999983,1.2125408806500018,25.667056479000053,87.05962573499984,27.095299394166105,1.2125463111378154,25.667099659726063,87.05938705270755,27.08967661471981,1.2125479471326903,25.66264583720041,87.0570797060302,27.089801482403,1.2125565440366155,25.66270518402235,87.05666413649132,27.094449000000004,1.2125492960000002,25.666424260000003,87.05937352000001,27.091839,1.2125332,25.665148,87.055595
26.7400931,1.21611013,25.3188843,86.8451224,26.740484,1.2160633,25.318937,86.84474,26.74059651800001,1.2161224416500012,25.319237705999967,86.84466603849971,26.740216833816145,1.2161286020618671,25.318896096899906,86.84421433908385,26.775566079039077,1.2160001312023232,25.34822118857757,86.86699961946746,26.77605085067562,1.2160028952320547,25.34871013770102,86.86670063206324,26.74127808,1.216114458,25.3200154,86.84478213999999,26.753248,1.2159969,25.331003,86.84882
26.9873971,1.21381514,25.5526278,87.0107414,26.988178,1.2138855,25.552635,87.01035,26.988057753999943,1.2138444542499984,25.55280365399998,87.01017087649998,26.988600397152545,1.2138531213331514,25.552626290815653,87.00965358975401,26.9748980025902,1.2138460086122254,25.543216209088143,87.00039239058836,26.975611478305627,1.2138847362435312,25.543621710869,86.9985368401092,26.98956354,1.213802302,25.55387798,87.01438884000001,26.990967,1.2138537,25.554323,87.01114
26.9463144,1.21407773,25.5254128,86.9521034,26.94588,1.2140306,25.525425,86.95322,26.946131710999957,1.2140622928999991,25.525388443999976,86.95270233050023,26.94594347370873,1.2140419726698708,25.52525806231727,86.95369344632131,26.930576330718896,1.2141244759792098,25.51317455260569,86.93986512565121,26.930017905947075,1.2141103266065612,25.512696966773404,86.94070400885028,26.9469909,1.214051452,25.52628016,86.9532138,26.946535,1.2140136,25.523155,86.954025
26.8574578,1.21495479,25.4383304,86.8992779,26.857485,1.2149104,25.438509,86.89956,26.857494636499947,1.214950607200004,25.43840330049998,86.89944722649997,26.85710729238677,1.214953148781318,25.437645803127545,86.89989506774813,26.856891680902592,1.2149578864727844,25.437147342377195,86.90129890590113,26.856808306258387,1.2149582039362852,25.43699630201128,86.90152065273666,26.85785646,1.21494501,25.43881732,86.89960392,26.859074,1.2149371,25.438284,86.901886
26.8261704,1.21529293,25.4059578,86.8844633,26.82652,1.2152592,25.410374,86.88469,26.828456258499973,1.2152721087500034,25.40831469999996,86.8852956230001,26.826395587437226,1.2152928967639052,25.406234029704823,86.88467606797066,26.83289243131164,1.2152684891997552,25.410964127028336,86.89076484658223,26.833013868609648,1.2152679414265728,25.411044025291687,86.89092313862832,26.82927008,1.2152496340000003,25.40950064,86.88548294,26.827349,1.2152557,25.404959,86.88734
26.9025791,1.21448547,25.4832053,86.9255659,26.902826,1.214456,25.483246,86.92582,26.90285691150005,1.214496655649996,25.48321325650005,86.92563600049962,26.902839559208417,1.214467158347798,25.483230489982944,86.92607316816614,26.892711657573457,1.2145176955689116,25.47493964312459,86.91972729556957,26.892535281597866,1.2145229862801097,25.474611967630203,86.91989339267795,26.90410884,1.214458728,25.4854815,86.92465886,26.904196,1.2144672,25.482613,86.92745
27.0759608,1.21279542,25.6463338,87.0504513,27.076195,1.2128054,25.6463,87.05083,27.07605434249995,1.2127980441999973,25.646312905999963,87.05063410499993,27.0755781995383,1.2127788156525414,25.645903895074103,87.05073268820553,27.06720015354852,1.212826973967645,25.63921940249642,87.04433137869252,27.067204666118243,1.2128255149874376,25.639302232118432,87.0441694039548,27.0760453,1.21279374,25.64633938,87.05082422000001,27.07349,1.2127739,25.646162,87.04795
26.7527779,1.21601414,25.3301234,86.8546238,26.752918,1.2159721,25.330162,86.85397,26.75288084800002,1.2160291843000026,25.330124273500065,86.85388005599984,26.75296871949577,1.2160299608877891,25.330136554950474,86.85394719261743,26.78400971605376,1.2159133114446885,25.356377950489748,86.87268315372536,26.784485832558723,1.2159160458289549,25.3568651632721,86.87236438047256,26.75357972,1.216007798,25.33123578,86.85386542,26.762922,1.2158952,25.340048,86.855194
26.7965308,1.21555286,25.3762331,86.8715471,26.784925,1.2156612,25.363346,86.86718,26.788608651499928,1.2156624540500025,25.36718715399996,86.86900161400007,26.793903731443677,1.2155979322824286,25.363480466389888,86.86903808333477,26.81325966380714,1.215505810736828,25.38960258727177,86.88314359989648,26.813561860309157,1.2155128414322889,25.38980692101065,86.88291803321641,26.80096534,1.215545972,25.37961118,86.87485076,26.80147,1.2155163,25.378893,86.873795
27.0744324,1.21281454,25.6445767,87.0501293,27.074406,1.2128258,25.645111,87.05009,27.074559172000008,1.2128137613500003,25.64478989099996,87.04986873550003,27.075402226761614,1.2128288479765004,25.644658412598822,87.04938813452134,27.06629231942627,1.2128464065620663,25.637767888784836,87.04494357626693,27.06626784414906,1.2128449053741135,25.637841885330023,87.04472149402727,27.07500956,1.212806908,25.64527818,87.05015118,27.0718,1.2128032,25.64416,87.04756
27.1625392,1.21154681,25.7431454,87.0900511,27.162632,1.2115973,25.743286,87.089874,27.16259616400004,1.211550745100002,25.743131380000055,87.08999829999976,27.16276443359645,1.2115493680692433,25.743253796546004,87.08999957496201,27.176247134693966,1.2115041116023435,25.75436084079413,87.09891847900448,27.176146432087123,1.2115106902717678,25.754107804778013,87.09898218803538,27.16266528000001,1.211550372,25.74314536,87.09019939999999,27.15495,1.2116908,25.73108,87.08455
26.7765534,1.21578721,25.3548579,86.8632175,26.775751,1.2157483,25.354935,86.86332,26.776407027999973,1.2157896217000002,25.35465587749997,86.86326234100027,26.77598537581506,1.2157821689113315,25.35502086460343,86.86301720352455,26.799581762349977,1.21571652782452,25.37383034456343,86.87760999922038,26.799861726388716,1.2157119006792385,25.37417631300743,86.87766712665204,26.77562734,1.215798614,25.35377424,86.86311094,26.782652,1.2156981,25.359877,86.86523
26.7342841,1.21619352,25.3132089,86.8397682,26.734015,1.2161055,25.313253,86.84061,26.73276741399995,1.2161884171000024,25.31183486549995,86.83992042599985,26.734029888270207,1.216170839636908,25.31322629976924,86.84059781081052,26.772283364419064,1.216075486404378,25.344401511801607,86.86401048919538,26.77251722304511,1.2160593278793923,25.34487362948613,86.86431711710364,26.73188604,1.21619331,25.3109228,86.8398369,26.747097,1.2160516,25.32495,86.84558
27.1853705,1.21114928,25.7704177,87.0995896,27.1855,1.2113063,25.770355,87.099884,27.18551075250004,1.2111540456999983,25.770423429999965,87.0996769795,27.185478447872544,1.2111462630943743,25.770405185674303,87.09972188042384,27.20913881092801,1.211065119358511,25.791122537344688,87.11134478166906,27.20888600822197,1.2110731040961724,25.790631192386705,87.11162748079326,27.186145720000003,1.211136168,25.771259500000003,87.10017124000001,27.177212,1.2114012,25.754702,87.09522
26.985346,1.21391068,25.5485904,87.0110283,26.98514,1.2139163,25.548557,87.01037,26.984989010500044,1.2138822303499994,25.54875074049999,87.01137042849984,26.985188234527133,1.2139172149877426,25.548557723964137,87.00975581010597,26.97831467361622,1.2139297404371412,25.543286490637836,87.00511064454103,26.978133211619628,1.2139253396620853,25.54344731938481,87.00429762286238,26.98462918,1.213903188,25.54899176,87.0078872,26.983965,1.2139218,25.548054,87.0056
26.995962,1.21394828,25.5567114,87.0149032,26.995506,1.2138646,25.556707,87.01547,26.99589825250004,1.2139257474000034,25.556952034499968,87.01549392899987,26.995109974850564,1.213898860882055,25.55671605911443,87.01673660002776,26.98619307359269,1.2139754578187465,25.54888116775008,87.00821515767842,26.985779829477785,1.2139219933277532,25.549348269116827,87.0091307328399,26.99637024,1.2139302099999998,25.5579321,87.01335857999999,26.993767,1.2138487,25.556122,87.013855
27.0013768,1.2138299,25.5627517,87.0202769,27.000692,1.2138216,25.56249,87.02042,27.00174927049992,1.2138537991500025,25.562703805,87.01992739100012,27.001241804457017,1.213820545610595,25.56278906501544,87.02001718970111,26.989352275546505,1.213865969919666,25.552876116021352,87.01267788871858,26.989742948234568,1.2138550839293891,25.55358129545624,87.01232038543786,27.00143926,1.213830998,25.562748100000004,87.02041228,27.004097,1.2137316,25.563707,87.01699
27.0534588,1.21314283,25.6210254,87.03909,27.05239,1.2131149,25.6204,87.039925,27.053036852999952,1.2131090733500027,25.621030752499976,87.04013661399976,27.05302926041253,1.2131088423989551,25.6210289902437,87.04059381966344,27.04206087300633,1.2131813966908858,25.61186291424197,87.03096432846512,27.04184838579434,1.213156895920893,25.612040084097863,87.03143472797231,27.05347084,1.213121216,25.62103314,87.04065336000001,27.051683,1.2131155,25.622665,87.039246
27.1165813,1.21226052,25.6902846,87.0703007,27.1169,1.212297,25.690275,87.06978,27.11669009,1.2122706608499971,25.69028709799994,87.06991340799998,27.11678257424569,1.2122703592814834,25.690386424249773,87.06996366114599,27.114943955561557,1.2122695874781493,25.688103906067315,87.07186143687464,27.11509511537345,1.2122782027979595,25.68817238044384,87.07149801275654,27.11717526,1.212256382,25.69100416,87.07006654,27.11178,1.2122781,25.685556,87.06527
26.9557944,1.21400326,25.5339243,86.9590329,26.955276,1.2139593,25.533964,86.95948,26.955386643999987,1.2139679256499971,25.53402223300002,86.95991515249985,26.955263313479488,1.2139667970678878,25.53395791775205,86.95992257073847,26.93821536899981,1.2140520133249548,25.52048584802086,86.94481245818866,26.937746753830485,1.2140368248127569,25.520094805927368,86.94572064121647,26.95617664,1.21398529,25.53519236,86.95723502000001,26.955881,1.2139219,25.53044,86.96116
27.0554932,1.213132,25.6228428,87.0402386,27.055729,1.2130823,25.623251,87.04135,27.055184211000046,1.2131110327999997,25.62282880500004,87.04079614300014,27.055268977728577,1.2130941470690937,25.62284496479937,87.04220549575493,27.044268546999938,1.213170383188651,25.61356608381364,87.03307702060053,27.044117168544272,1.213144987612249,25.613811619738527,87.03357586990026,27.05540836,1.213109362,25.62284854,87.04157018,27.054785,1.2130659,25.6263,87.0409
26.9473472,1.21397935,25.527566,86.9551483,26.947767,1.2140167,25.527565,86.95382,26.947884170999973,1.2140136392166685,25.52759585949994,86.95432267649998,26.94792464803171,1.2140310784744426,25.52784433374479,86.95369344632131,26.931348308101537,1.214027242285467,25.515086908093373,86.94281941205888,26.93132874155978,1.2140558403860255,25.514628761445262,86.94226336000037,26.947313760000004,1.21401382,25.52713492,86.95403938000001,26.947853,1.2140069,25.52467,86.95442
26.838463,1.21516034,25.418581,86.8905884,26.839197,1.2151157,25.41888,86.891106,26.83836477600005,1.2151558038500012,25.418568021999995,86.89063951999975,26.83877752394812,1.215159491316347,25.418506314808887,86.89075471060694,26.842603613143105,1.2151483656157256,25.42133675167617,86.89538128188731,26.84260186493073,1.215146867761726,25.42130830602321,86.89557937521593,26.839324240000003,1.2151461100000005,25.4195812,86.89097538000001,26.839674,1.2151304,25.418165,86.89283
26.9557944,1.21400207,25.5339243,86.9591181,26.955288,1.2139593,25.533964,86.95958,26.95539736799997,1.2139664530999976,25.534024218500004,86.96004841349993,26.955263313479488,1.2139667970678878,25.53395791775205,86.95992257073847,26.938215901656736,1.2140520117012437,25.52048627394229,86.94481283497106,26.93774720284381,1.2140368238416834,25.520095168796573,86.94572091650731,26.956195540000003,1.213985006,25.53519236,86.95731638000001,26.955885,1.2139218,25.530443,86.96117
26.908803,1.21440708,25.4900418,86.9279681,26.90904,1.214398,25.490053,86.92802,26.908764019500005,1.2144037319500007,25.490038276000035,86.92809378000005,26.90892893459582,1.214412397264194,25.490040939607947,86.92779108928946,26.89797597953356,1.214443422247946,25.480929315585467,86.92164129587837,26.89775314652152,1.214449642974561,25.480537069205248,86.92181059791757,26.9092499,1.214405914,25.49051752,86.92787286,26.910473,1.2143999,25.48921,86.930504
27.0392627,1.2133297,25.6041734,87.0372671,27.039896,1.2132843,25.604727,87.036995,27.038960062691658,1.2133258512850031,25.6041568345,87.03662494751676,27.039193991978248,1.2133340287898076,25.604160573361664,87.03638465629165,27.02915118668124,1.213365708736792,25.59535534694169,87.03228358854854,27.02929280100408,1.2133591629799048,25.59574705881726,87.03187859345266,27.03811462,1.213344902,25.60340114,87.0351057,27.03839,1.2133511,25.605194,87.03463
27.0208352,1.21353459,25.5848513,87.0289411,27.02172,1.2135606,25.585358,87.02857,27.020877685000105,1.2135521238999991,25.584777532500077,87.02807126849993,27.021591827570084,1.2135751124866228,25.58485028067327,87.02781129041952,27.00758119823877,1.21357457906631,25.573945288237137,87.02065009832013,27.008190870958988,1.2135870411190004,25.57454137340196,87.01969475447378,27.0207955,1.213562118,25.58445672,87.02818124000001,27.022633,1.2135421,25.5826,87.02697
27.0534589,1.21314267,25.6210254,87.0391018,27.05239,1.2131149,25.6204,87.039925,27.05303510699995,1.213109538550002,25.62103021149997,87.04009946799977,27.05302926041253,1.2131088423989551,25.6210289902437,87.04059381966344,27.04206034034941,1.2131813983145971,25.611862488320543,87.03096395168271,27.04184793678101,1.2131568968919662,25.61203972122865,87.03143445268147,27.05347084,1.213121216,25.62103314,87.04065336000001,27.051685,1.2131153,25.622667,87.039246
26.835564,1.21519408,25.4160778,86.8873469,26.83497,1.2151556,25.41389,86.88784,26.833966162999943,1.215197151800003,25.414470209499964,86.88745044049983,26.835104268178565,1.215166279635039,25.415866638125586,86.88817223068253,26.8404796483506,1.215180663223677,25.419289364313503,86.89318708369832,26.84038124636124,1.2151722550070765,25.419244249651115,86.8936258937343,26.8365555,1.2151647440000002,25.41707996,86.88922912,26.836733,1.2151588,25.41558,86.89086
26.7462173,1.21607418,25.3245253,86.8482308,26.746359,1.2160133,25.324492,86.84685,26.745933403000038,1.2160861418000009,25.32433429750004,86.84710955549987,26.746309275261645,1.2160887305283987,25.32429441962853,86.84750190051886,26.779909241212128,1.21596987776025,25.35238132486951,86.86901033101742,26.78025004510506,1.2159634550674474,25.352841002285107,86.86900577619627,26.74771048,1.21606312,25.32620086,86.848123,26.75713,1.2159522,25.334652,86.85145
27.0795714,1.21274959,25.6498691,87.0533492,27.079353,1.2127637,25.649824,87.05268,27.0793821515,1.2127449621999993,25.649861401999992,87.05309898049984,27.07897289890761,1.2127560960394863,25.649854623785348,87.05276590735558,27.072762777808027,1.212777708690924,25.644069918053777,87.04927735758919,27.07270811927925,1.212776449775589,25.644120278836844,87.04902115743671,27.07885144,1.212759354,25.64915926,87.05274294,27.076061,1.2127484,25.648474,87.04919
26.9948652,1.213851,25.5587051,87.0115534,26.99509,1.2138499,25.558647,87.01181,26.995119507499968,1.2138806234000006,25.55839555100006,87.01130367249999,26.995066865446905,1.213841797683446,25.55874321630646,87.01260551253483,26.9800990868266,1.2138885247120863,25.54741032220122,86.99985787267894,26.980440612625745,1.2138803284128454,25.547960874300745,86.99967435783603,26.99451568,1.2138681979999997,25.55748444,87.01334984,26.997517,1.213785,25.559711,87.01405
26.910315,1.21443227,25.4900449,86.9310387,26.9103,1.214398,25.490053,86.931885,26.91024122700003,1.2144228066499976,25.49006418999998,86.93141191800014,26.910128880736288,1.214412397264194,25.490040939607947,86.9318231522425,26.9000673883944,1.2144620706191618,25.48164865210822,86.92458711029894,26.89970964222877,1.2144582896580778,25.48127175586608,86.9249869477214,26.91112548,1.214414004,25.49095124,86.9318735,26.911009,1.2143891,25.48948,86.9318
26.8502076,1.21502565,25.430986,86.8958406,26.849934,1.2149956,25.431007,86.896034,26.85014712600007,1.215027511000003,25.430889033999943,86.89584328299993,26.850191328900998,1.2150361091544373,25.430295990303417,86.89681519688018,26.851329156253275,1.2150246191101766,25.43117408632864,86.89890883192227,26.85130530091436,1.2150266971265111,25.431066350003924,86.89904887074935,26.84932644,1.215037,25.4300014,86.89554164,26.852049,1.2150089,25.43106,86.898346
26.8893557,1.21458799,25.4716873,86.9147899,26.889528,1.2145573,25.471912,86.91475,26.88951061850008,1.214590458499999,25.471813184499972,86.9146846940001,26.888989023163408,1.2145915169603727,25.471692828769378,86.91480220726913,26.882042958304552,1.2146165199743582,25.464913788586077,86.91237011227179,26.88187477881526,1.21462467752904,25.46455404515358,86.91246609414556,26.890698380000003,1.21457591,25.4730823,86.91523451999998,26.892115,1.2145925,25.471804,86.9188
26.8978007,1.21449382,25.4809224,86.9173153,26.897953,1.2144763,25.48094,86.91789,26.89798010150001,1.2144990054499978,25.48092687249998,86.91750875750013,26.89802829638622,1.214490488209018,25.480942707743232,86.91794007366424,26.888211782970707,1.2145289608800889,25.4722604691442,86.91354304342288,26.88800900357684,1.2145355720253823,25.4718560209664,86.91379017151793,26.896222540000004,1.21451406,25.47908086,86.91704903999998,26.900671,1.2145051,25.480246,86.923355
27.1861174,1.21110018,25.7718291,87.1007436,27.186312,1.2113063,25.771582,87.10037,27.186267969500054,1.211107260100004,25.771833648000065,87.10070172900004,27.1862719591063,1.211108429714176,25.77178415503017,87.10046836939422,27.211179066519406,1.211011537644843,25.79351414249836,87.1136204859116,27.211058462611017,1.211034237914115,25.79298776949023,87.11339330182858,27.18585014,1.211109598,25.771272220000004,87.10109234000001,27.17732,1.2114009,25.754333,87.094826
26.9446556,1.21409486,25.5232898,86.9527564,26.944075,1.2140496,25.523296,86.95309,26.944361207000043,1.21407957985,25.52329585400001,86.952879815,26.94399670099256,1.2140659978605484,25.523240946849626,86.95365265739353,26.93066079815034,1.214135237852915,25.512447340118143,86.94182395166236,26.930006568577863,1.2141215575864723,25.51190980183708,86.9425249155665,26.9434478,1.21410367,25.522421020000003,86.95118706000001,26.943811,1.214033,25.521305,86.95205
27.0364973,1.21331075,25.6022796,87.0361619,27.036238,1.2133965,25.601908,87.035385,27.03680595549997,1.21332918805,25.602292275499977,87.03578956149977,27.03659582839199,1.2133433173367765,25.602259901958707,87.03459865275182,27.02552468505573,1.2133472452587613,25.592980462283016,87.03000520078375,27.0259366872227,1.213362444259257,25.5933634777123,87.0289417075092,27.036381520000003,1.2133251240000005,25.60226844,87.03479596,27.038246,1.2133443,25.605263,87.03445
27.0685086,1.21283869,25.639251,87.0474269,27.068796,1.2128981,25.638819,87.04688,27.068878428499985,1.2128581762499997,25.639255305000017,87.04720296850005,27.0690141973662,1.2128737727024572,25.63924735859414,87.04642984023022,27.058953778343252,1.2128712957825154,25.631531833794316,87.04072849623653,27.059196243187767,1.2128914600822405,25.631599822716534,87.03983340324852,27.068945,1.212866674,25.63925052,87.04682344,27.067125,1.2128631,25.639008,87.045616
26.9373037,1.21412901,25.5167859,86.9487427,26.937227,1.2141216,25.516745,86.94901,26.93732640450006,1.2141240060999992,25.516872876000065,86.94887760149999,26.937218630140634,1.214121446258422,25.517540421215635,86.94891552579178,26.923968076193464,1.214170485785936,25.506241992223487,86.9388419006623,26.923579837300885,1.2141754829248432,25.50573933695468,86.93894200535087,26.93802908,1.2141148519999998,25.517658,86.9491259,26.937243,1.2141076,25.515173,86.94759
27.0693034,1.21284084,25.6392603,87.0497968,27.069153,1.2128981,25.638819,87.04873,27.069827567,1.212874227099997,25.639287931999966,87.04899283200022,27.069580615087915,1.2128737727024572,25.639256366040417,87.04812136882691,27.061245387111377,1.2128710457776968,25.632507364957004,87.04479963760069,27.061453239555163,1.2128907837245817,25.63258383055167,87.04379517660186,27.069531020000007,1.212868314,25.63925792,87.04856530000002,27.068003,1.2128634,25.639614,87.04641
27.0563171,1.21313543,25.6228517,87.0426121,27.056086,1.2130823,25.623251,87.04318,27.055982966999917,1.2131139422999972,25.622846368499964,87.04309741699983,27.05587601341612,1.2130941470690937,25.622853972245647,87.04389702435162,27.04656015576806,1.2131701331838325,25.61454161497633,87.03714816196471,27.046374164911672,1.2131443112545903,25.61479562757366,87.0375376432536,27.0559015,1.213111028,25.622854080000003,87.04301824,27.0548,1.2130841,25.625896,87.04125
26.8595421,1.21491791,25.4407649,86.9003431,26.859571,1.2148976,25.44069,86.90012,26.859571805999973,1.2149213220499973,25.44075345000004,86.90023433900011,26.85971833738015,1.214919722285679,25.44117516936832,86.90014273752854,26.85852337327407,1.2149246545387693,25.439143536819493,86.90214906986068,26.858483758996552,1.2149300342107283,25.43897276900883,86.9022159342198,26.85958928,1.214922514,25.44076508,86.90016606000002,26.861609,1.2149131,25.440985,86.90273
27.1027184,1.21244226,25.675379,87.0632576,27.102943,1.2124753,25.675375,87.06271,27.102835053000017,1.2124489716500002,25.675381947500014,87.06314015099991,27.102881624209893,1.212461826579786,25.67539861883771,87.06276602270842,27.09710199568508,1.2124612377666588,25.67036921900537,87.06095401158508,27.097233554350957,1.2124699948053317,25.670423034053023,87.06056721909509,27.102552780000003,1.212456898,25.67503906,87.06282682000001,27.097733,1.2124568,25.671175,87.05839
26.9110121,1.21440019,25.4923626,86.9276836,26.91088,1.2143779,25.49234,86.928444,26.91092288300006,1.214393376649997,25.492327336999985,86.92800287199965,26.91074793104544,1.2143912385047777,25.492343990858103,86.92844796904296,26.899514936371364,1.2144370889099314,25.48267979525715,86.92110311758832,26.899173675740226,1.2144340858520526,25.48226979906922,86.92161244714283,26.910497439999997,1.214394334,25.491898600000003,86.92802204,26.912521,1.2143775,25.491247,86.931625
27.1350957,1.21199051,25.711124,87.0785244,27.134417,1.2120531,25.711056,87.07736,27.13527683650003,1.2120055941500003,25.71110888749999,87.07807320949983,27.13430713723371,1.2120204243474977,25.71111860975685,87.07795196422192,27.137940052207373,1.2119843409442062,25.712846588492912,87.08226160365444,27.13810865291512,1.2119939768385912,25.7128701609329,87.08203337813109,27.1344351,1.212021046,25.71017718,87.07741744,27.130161,1.2120364,25.70433,87.07374
27.1322283,1.21203209,25.7079748,87.0770017,27.132172,1.2120712,25.707945,87.07619,27.132281671,1.2120391802499983,25.707962446499977,87.07670521099988,27.1323225571256,1.2120466181581262,25.707918580909773,87.07629988445993,27.134227480092942,1.2120276952663973,25.708984992239643,87.08032453460643,27.13439271672188,1.2120372512384392,25.709011316555166,87.08008189800495,27.132015360000004,1.212045802,25.7076549,87.07641638,27.127213,1.2120746,25.701315,87.07234
27.0189885,1.21357714,25.5829288,87.0264817,27.018862,1.2136173,25.58251,87.0261,27.018803956500005,1.213568471850004,25.582912801000056,87.02656295799989,27.01875503529868,1.2135920217990692,25.582861411511143,87.02558280429112,27.006791819220155,1.213615071172522,25.57291340783105,87.01870272503167,27.007008970227176,1.2136075774280082,25.57338152035638,87.01834908127047,27.0191286,1.213587508,25.58288778,87.02632866,27.017357,1.2136165,25.577835,87.024864
26.9099382,1.21439931,25.4900459,86.9321774,26.9103,1.2143856,25.490053,86.93204,26.91010266099996,1.2144046280000025,25.490057169500005,86.93228977299985,26.91011837613307,1.2144067911217926,25.490040939607947,86.9318952824606,26.899637530899984,1.214430069739298,25.481606732630915,86.925639171523,26.899527333666043,1.2144451314105884,25.48124941970324,86.92541898255487,26.91052228,1.2144032719999998,25.490497280000003,86.93224135999999,26.911186,1.2143918,25.489534,86.93177
27.1807298,1.21122521,25.7648261,87.0981609,27.180773,1.2113063,25.764778,87.0981,27.180776946999977,1.211228701099998,25.76480378600002,87.09813617349995,27.18082446071969,1.2112299180963164,25.76481149417353,87.0981472743971,27.20333873666432,1.211148357252197,25.78408374023597,87.11061892741904,27.203089062237744,1.2111581676337193,25.783611079919776,87.11071766734132,27.18081694,1.21122936,25.7648251,87.09814487999999,27.172125,1.2114663,25.749006,87.092476
27.0532446,1.21307345,25.6210362,87.0433422,27.053488,1.2131149,25.620872,87.04245,27.053427772000017,1.2130878386499986,25.62104144850005,87.04288127949985,27.053324953438025,1.2130954212074856,25.6210289902437,87.04172121596078,27.043385302412016,1.213109144706373,25.61274412658073,87.03740260758342,27.043695187895597,1.2131266135063823,25.61297383556659,87.03636857970096,27.0530766,1.21308875,25.62102504,87.0417419,27.055094,1.2130656,25.626102,87.041275
26.9573535,1.21393595,25.5360653,86.9615932,26.956987,1.2139593,25.536036,86.96124,26.95713953100001,1.2139262977500005,25.53603637649993,86.96169296099988,26.95713145567284,1.213955287330255,25.53604217707648,86.96079705423547,26.940406174014363,1.2139842566114778,25.52306991859556,86.9479324402257,26.940144920474637,1.2139909656215124,25.522638646063523,86.94807573638205,26.955516440000004,1.21394838,25.53478508,86.95913606,26.956892,1.2139086,25.531683,86.961044
27.1700182,1.21142525,25.7519404,87.0930171,27.169859,1.2114708,25.751657,87.093056,27.16987552799999,1.211423241150002,25.75183037500005,87.0930763585002,27.16967580269068,1.2114197696202629,25.75192833540419,87.09315338370038,27.187070649887183,1.211369252465104,25.766229263689237,87.10309368170883,27.18684684022355,1.2113724819645597,25.76587938580977,87.10333013746755,27.16949846,1.2114301040000002,25.75135798,87.09297194000001,27.161888,1.2115961,25.73846,87.08761
26.8992546,1.21449827,25.4809332,86.9216577,26.899197,1.2144763,25.48094,86.92211,26.899445775500038,1.214503210599999,25.480970883500035,86.92179391950003,26.899353280502595,1.214490488209018,25.480942707743232,86.92206139196405,26.89050398357985,1.2145287090711467,25.473236473552923,86.91761460343415,26.89026649884793,1.214534894588753,25.47284043198954,86.91775225074998,26.89928628,1.214493986,25.4809297,86.9220794,26.90123,1.2144942,25.48069,86.924484
26.864207,1.21487226,25.445602,86.9021791,26.864208,1.2148409,25.445353,86.902374,26.864041712000017,1.214871862949997,25.445397663500035,86.90237070449996,26.8642062495818,1.2148631528530824,25.44636384324512,86.90284505190604,26.86204520707289,1.2148817597529704,25.44303202935441,86.90334704993263,26.861960131910102,1.2148851992574303,25.44283234699497,86.9035048288899,26.86290942,1.214886652,25.44415278,86.90190157999999,26.866312,1.2148644,25.445745,86.90507
26.9426429,1.21412068,25.5211247,86.9517875,26.942202,1.2140712,25.521143,86.95245,26.9424100016666,1.2141070106300007,25.52112017400003,86.95203036255015,26.9421735798148,1.2140925150209023,25.52120578117952,86.95308567416382,26.928921641405253,1.214160469566964,25.51044066580652,86.9412368030088,26.92828553869901,1.2141464377501563,25.509927750798813,86.94193764279173,26.94306598,1.214109194,25.52198802,86.95103448,26.9421,1.2140521,25.519493,86.95124
27.0184317,1.21354587,25.5829124,87.0269865,27.01863,1.2136039,25.5824,87.02654,27.01875473900001,1.2135643839000043,25.582909922500065,87.02670741549993,27.01875503529868,1.2135813943590783,25.582861411511143,87.02588370593816,27.00537352424517,1.213585592568545,25.57224211866547,87.0185374061847,27.00592208820905,1.2135989494276438,25.57276983776129,87.01755361254583,27.0188434,1.213561148,25.58285104,87.0274254,27.01933,1.21358,25.579948,87.02565
26.9017127,1.21451477,25.4832091,86.9206568,26.901642,1.2144715,25.483246,86.92164,26.901467248000053,1.2145001118999972,25.48318195299994,86.92100532400012,26.901436551510823,1.214497459750644,25.48321345749086,86.92169056704638,26.89183834378032,1.2145474241777072,25.47463540112748,86.91582147305238,26.891365167248587,1.2145322906381328,25.47423964239016,86.91672708804926,26.90392978,1.214494736,25.4850405,86.92300734,26.903374,1.2144711,25.482489,86.92605
26.7341803,1.21617489,25.3132156,86.8407385,26.734015,1.2161055,25.313253,86.84061,26.73255483999997,1.216182201300002,25.311666666999944,86.84025084599988,26.734029888270207,1.216170839636908,25.31322629976924,86.84059781081052,26.772484096983277,1.2160565864046324,25.34465813236297,86.86513619292138,26.77281817271858,1.2160500038671431,25.34512331352964,86.865102815944,26.73135124,1.216197924,25.31035254,86.83972674000002,26.747461,1.2160499,25.325363,86.84559
27.1250779,1.21213887,25.6999909,87.0734266,27.125269,1.2121739,25.699986,87.073044,27.12531560199995,1.212152709,25.699996499999948,87.07317630199992,27.125753201665145,1.2121539251627325,25.70006630931669,87.07266960864195,27.12506341585541,1.212139634903179,25.699255314719892,87.0758634153157,27.125240014018026,1.2121486797702314,25.69931173803663,87.0755917873294,27.12550694,1.212144682,25.70031272,87.07329562,27.120419,1.2121648,25.69439,87.06926
26.8573666,1.21494526,25.4383306,86.8996634,26.857485,1.2149104,25.438509,86.89956,26.857448176000016,1.2149475120500035,25.438391509499983,86.89955847050011,26.857196277508365,1.214951992978647,25.437741945721804,86.89989506774813,26.856784275713093,1.2149498860724062,25.43713690983247,86.90156196307186,26.85676277900808,1.2149549142665157,25.436990758289365,86.9016286920329,26.85783742,1.2149436379999998,25.43881738,86.8996403,26.859247,1.2149367,25.438414,86.90186
26.9841659,1.21384393,25.5485573,87.0121205,26.984612,1.2138958,25.548557,87.01158,26.98503966150004,1.2138782251,25.548882002,87.01137384949992,26.984981086468316,1.2138675756551336,25.548557723964137,87.01014237734452,26.97532049533569,1.2138675078287453,25.541869324621604,87.00476163808632,26.97583868291471,1.2139071249946494,25.542155989461843,87.00261829999921,26.983807480000003,1.213831108,25.5493746,87.00910074,26.986227,1.2138894,25.549866,87.00765
27.0549343,1.21309976,25.6228256,87.0408119,27.055485,1.2130823,25.623348,87.04145,27.05513693250003,1.213107845849999,25.62283581450004,87.04084882000011,27.055243884869267,1.2130812231400925,25.62284496479937,87.04220549575493,27.042849186711106,1.2131409078320965,25.6128939428052,87.03291094818877,27.043029388499505,1.2131363615540314,25.61319921140502,87.03277985059391,27.05507272,1.21309122,25.622838219999995,87.04182706,27.057135,1.2130158,25.62898,87.042046
26.7713252,1.21584594,25.3494258,86.8606715,26.77099,1.2157984,25.349236,86.86094,26.771165856000017,1.215842916550003,25.34930256650001,86.86079222099983,26.77171990695977,1.2158419032927403,25.34956581593752,86.86090014965221,26.79616739292476,1.2157674228302846,25.36995233189784,86.87614900384241,26.79643093061585,1.215760025194409,25.370322319062,86.8762702232736,26.7703263,1.215853076,25.34833342,86.86066332,26.777784,1.2157447,25.354992,86.86288
27.0909398,1.21262341,25.6619838,87.0578395,27.090708,1.2126089,25.661991,87.05873,27.090795071,1.2126097616999971,25.66209487050001,87.05797691699999,27.09063435762879,1.212603856456591,25.66193003627338,87.05851918979039,27.085673236140547,1.212648422935542,25.657253055518467,87.05531282326643,27.08554993439026,1.212637556244233,25.657323961584808,87.05545413691398,27.0912873,1.2126029900000002,25.662670780000003,87.05809124000001,27.087015,1.2125969,25.66038,87.05361
26.987269,1.21388743,25.5506659,87.0118268,26.98683,1.2139117,25.550627,87.01071,26.98670297949996,1.2138837174000026,25.5503618995,87.01130332800003,26.98677508197671,1.2139133447513115,25.550629530310257,87.00975581010597,26.980053830361303,1.213904508723092,25.54529316494946,87.00569779319457,26.97985424149848,1.213900459498401,25.54542937042308,87.00488489563715,26.98462918,1.213903188,25.54899176,87.0078872,26.98479,1.2139097,25.549034,87.0059
26.7192393,1.2163068,25.2988436,86.8320931,26.719648,1.2161704,25.299112,86.83237,26.719283664999946,1.2163260783499985,25.299635322500013,86.8281453850834,26.719638780035726,1.2163079551217864,25.29892450336247,86.8327033310178,26.762488473386497,1.2161743258826914,25.33437310494477,86.85947555994386,26.762881062543585,1.216166922607532,25.33490186948604,86.8594732200697,26.722107800000003,1.216281326,25.301741420000003,86.83328802,26.736322,1.2161655,25.314531,86.83906
26.7191121,1.21628349,25.298852,86.8333154,26.719648,1.2161704,25.299112,86.832695,26.71913673950004,1.216315037750001,25.299552784,86.82873946758333,26.719549935514127,1.216303220316901,25.29892450336247,86.83296213824457,26.76273938909176,1.216150700883009,25.33469388064648,86.86088268960137,26.76325724963542,1.2161552675922207,25.335213974540423,86.86045534362016,26.72090456,1.2162913359999998,25.3005876,86.83262341999999,26.736778,1.2161635,25.315048,86.83907
26.9961339,1.21391709,25.5587388,87.010791,26.995523,1.2138592,25.558647,87.01114,26.99536433299997,1.2138900710499996,25.55847211650006,87.01115492300003,26.995211395990065,1.213883524433676,25.55874321630646,87.01248244938978,26.98309551410303,1.2139507504648124,25.54882928655237,87.00020846999267,26.982737037164696,1.2138985389801944,25.549253736338144,87.00135484303831,26.99637024,1.21393021,25.557932099999995,87.01335858,26.99408,1.2138443,25.556608,87.01331
26.8595685,1.21492398,25.4407631,86.9000005,26.859571,1.2148976,25.44069,86.90012,26.85958050199997,1.214925214800001,25.440739893,86.90003051749981,26.859817081886614,1.214919722285679,25.44126559088079,86.90014273752854,26.85847324931712,1.2149293793582934,25.439079429003755,86.90186768579389,26.858408571468555,1.214932365105894,25.43891038831676,86.90201954009758,26.85959454,1.214923728,25.44076472,86.90009752,26.861519,1.2149137,25.440857,86.90278
27.1366958,1.21198698,25.7126914,87.0786047,27.136808,1.2120234,25.712652,87.07845,27.13652459799991,1.2119809265000034,25.712666882000025,87.07857294649986,27.13722288587337,1.2119946959947927,25.712512848153597,87.07790432169386,27.140544057635346,1.211979319216182,25.71500005047323,87.08368516655086,27.140586817465707,1.211979416837668,25.71501897447872,87.08375124948934,27.13695634,1.211984052,25.71299866,87.07861042,27.132061,1.2120111,25.706324,87.07468
27.1380793,1.21196344,25.7142625,87.0794146,27.137712,1.2120013,25.71422,87.07899,27.137985441000023,1.2119608258499968,25.714217180499983,87.07945512749986,27.1375423297331,1.2119771858566832,25.714354212368207,87.07919374339477,27.142283214380427,1.211954087502133,25.717006724784856,87.0842723152044,27.142307847344554,1.211954536673984,25.71700102551699,87.08433852226412,27.13788858,1.2119761919999998,25.71394128,87.07897460000001,27.13296,1.2119974,25.707222,87.074974
26.9122999,1.21438538,25.4923177,86.9330559,26.912138,1.2143779,25.49234,86.932556,26.912194137499977,1.2143827421500033,25.492302996000014,86.93295370799986,26.911945759036907,1.2143912385047777,25.492343990858103,86.93248003199601,26.90200674504677,1.2144179405290785,25.48391152105978,86.92629958589609,26.901731172767764,1.214424086453218,25.48350312807865,86.92635964404569,26.91189954,1.214395588,25.49186036,86.93259200000001,26.913073,1.2143672,25.491842,86.93256
27.1422139,1.2119025,25.7189217,87.0812825,27.142921,1.2119268,25.719011,87.08092,27.142199086000023,1.2119028197000004,25.71894244850002,87.08114190650014,27.14108848176083,1.211905905071168,25.71881297082613,87.08093260051274,27.147828646689643,1.2118883451082558,25.722814294401758,87.08710164160235,27.14785436399086,1.2118889764814598,25.72279981785347,87.08718804899566,27.14321628,1.2118858460000002,25.720160780000004,87.08150006,27.137197,1.2119426,25.711693,87.077034
26.9327674,1.21417956,25.512408,86.9453979,26.932772,1.214164,25.512419,86.94595,26.93274512849997,1.2141755061999988,25.512408734500013,86.94561328200027,26.93274173434409,1.21417532488662,25.512408669588297,86.94575636591905,26.91963224884832,1.2142181887261985,25.501964214818603,86.93600548940216,26.91927594473687,1.2142228742258594,25.501489375664747,86.93613612544078,26.932709260000003,1.214173298,25.51240812,86.94565778,26.933153,1.2141541,25.511106,86.945
27.1486575,1.21179327,25.7266107,87.0837725,27.148952,1.2118076,25.726984,87.08402,27.14886112699995,1.2117919110500006,25.726804520499968,87.08386737000006,27.14836619913853,1.2117893672974311,25.72586132533841,87.08358250471125,27.156597710108468,1.211772167245006,25.73252677296589,87.09065287440218,27.156592113130337,1.2117737312203154,25.732453337743788,87.09077189364962,27.149432580000003,1.211779224,25.72753112,87.0841528,27.143017,1.211864,25.718077,87.07974
26.8734697,1.21477032,25.4551873,86.9067004,26.873428,1.214746,25.455288,86.906815,26.87337943300006,1.2147730587500047,25.45504576500004,86.90669564049973,26.873516360443027,1.2147707684141595,25.454817389259095,86.90699427447727,26.86944386414909,1.2147864924031868,25.45104571705633,86.90675821098,26.869314129948084,1.2147907921938592,25.450785679192908,86.9069156646895,26.87261836,1.21477937,25.45423432,86.90655326,26.875694,1.2147648,25.45525,86.91007
