etl_thickness_um,absorber_thickness_um,htl_thickness_um,defect_density_cm3,acceptor_density_cm3,eta_pct,voc_V,jsc_mAcm2,ff_pct
0.038,0.9,0.07,70000000000000,4e+16,26.97652,1.21395504,25.5423554,87.0006234
0.038,0.9,0.07,70000000000000,4.02e+16,26.977246,1.21404648,25.5423165,86.996544
0.038,0.9,0.07,70200000000000,4e+16,26.9752779,1.21388455,25.5423208,87.0017873
0.038,0.9,0.07,70200000000000,4.02e+16,26.9760071,1.21397602,25.5422819,86.9977162
0.038,0.9,0.0702,70000000000000,4e+16,26.97652,1.2139566,25.5423554,87.0005123
0.038,0.9,0.0702,70000000000000,4.02e+16,26.9772459,1.21404804,25.5423165,86.9964327
0.038,0.9,0.0702,70200000000000,4e+16,26.9752779,1.2138861,25.5423208,87.0016766
0.038,0.9,0.0702,70200000000000,4.02e+16,26.9760071,1.21397757,25.5422819,86.9976053
0.038,0.902,0.07,70000000000000,4e+16,26.9800809,1.21390378,25.5465403,87.0015278
0.038,0.902,0.07,70000000000000,4.02e+16,26.9808185,1.21399525,25.5465013,86.9974835
0.038,0.902,0.07,70200000000000,4e+16,26.9788376,1.21383329,25.5465056,87.0026885
0.038,0.902,0.07,70200000000000,4.02e+16,26.9795784,1.21392479,25.5464665,86.9986525
0.038,0.902,0.0702,70000000000000,4e+16,26.9800777,1.21390233,25.5465403,87.0016211
0.038,0.902,0.0702,70000000000000,4.02e+16,26.9808153,1.2139938,25.5465013,86.9975769
0.038,0.902,0.0702,70200000000000,4e+16,26.9788345,1.21383185,25.5465056,87.0027819
0.038,0.902,0.0702,70200000000000,4.02e+16,26.9795752,1.21392335,25.5464665,86.9987456
0.0382,0.9,0.07,70000000000000,4e+16,26.9785414,1.21396158,25.5423781,87.0065967
0.0382,0.9,0.07,70000000000000,4.02e+16,26.9792883,1.21405298,25.5423393,87.0025869
0.0382,0.9,0.07,70200000000000,4e+16,26.9772971,1.21389108,25.5423437,87.0077544
0.0382,0.9,0.07,70200000000000,4.02e+16,26.9780474,1.21398251,25.5423047,87.0037532
0.0382,0.9,0.0702,70000000000000,4e+16,26.9784373,1.2139615,25.5423781,87.0062664
0.0382,0.9,0.0702,70000000000000,4.02e+16,26.9791842,1.21405317,25.5423393,87.002238
0.0382,0.9,0.0702,70200000000000,4e+16,26.9771932,1.213891,25.5423437,87.0074244
0.0382,0.9,0.0702,70200000000000,4.02e+16,26.9779433,1.2139827,25.5423047,87.0034045
0.0382,0.902,0.07,70000000000000,4e+16,26.9820978,1.21391084,25.5465629,87.0074484
0.0382,0.902,0.07,70000000000000,4.02e+16,26.982847,1.21400232,25.5465239,87.0034403
0.0382,0.902,0.07,70200000000000,4e+16,26.9808525,1.21384034,25.5465282,87.0086037
0.0382,0.902,0.07,70200000000000,4.02e+16,26.9816051,1.21393186,25.5464892,87.0046042
0.0382,0.902,0.0702,70000000000000,4e+16,26.9820978,1.21390955,25.5465629,87.0075409
0.0382,0.902,0.0702,70000000000000,4.02e+16,26.982847,1.21400103,25.5465239,87.0035329
0.0382,0.902,0.0702,70200000000000,4e+16,26.9808525,1.21383906,25.5465282,87.0086958
0.0382,0.902,0.0702,70200000000000,4.02e+16,26.9816051,1.21393057,25.5464892,87.0046964
0.03821,0.903,0.07021,70210000000000,4.021e+16,26.9835013,1.21390644,25.5485688,87.0054578
0.03821,0.903,0.07021,70210000000000,4.04e+16,26.9842015,1.21399301,25.5485318,87.0016367
0.03821,0.903,0.07021,70400000000000,4.021e+16,26.982323,1.21383972,25.5485358,87.0065535
0.03821,0.903,0.07021,70400000000000,4.04e+16,26.983026,1.21392632,25.5484986,87.0027396
0.03821,0.903,0.0704,70210000000000,4.021e+16,26.9836095,1.21390663,25.5485688,87.0057928
0.03821,0.903,0.0704,70210000000000,4.04e+16,26.9843002,1.2139932,25.5485318,87.0019413
0.03821,0.903,0.0704,70400000000000,4.021e+16,26.9824309,1.21383991,25.5485358,87.0068878
0.03821,0.903,0.0704,70400000000000,4.04e+16,26.9831247,1.21392651,25.5484986,87.0030442
0.03821,0.904,0.07021,70210000000000,4.021e+16,26.9854248,1.21388054,25.5506445,87.0064476
0.03821,0.904,0.07021,70210000000000,4.04e+16,26.9861166,1.21396713,25.5506074,87.0025981
0.03821,0.904,0.07021,70400000000000,4.021e+16,26.9842459,1.21381383,25.5506113,87.0075414
0.03821,0.904,0.07021,70400000000000,4.04e+16,26.9849406,1.21390044,25.5505741,87.0036997
0.03821,0.904,0.0704,70210000000000,4.021e+16,26.9853165,1.21387912,25.5506445,87.0062001
0.03821,0.904,0.0704,70210000000000,4.04e+16,26.9860175,1.21396571,25.5506074,87.0023808
0.03821,0.904,0.0704,70400000000000,4.021e+16,26.9841376,1.21381241,25.5506113,87.007294
0.03821,0.904,0.0704,70400000000000,4.04e+16,26.9848416,1.21389902,25.5505741,87.003482
0.0384,0.903,0.07021,70210000000000,4.021e+16,26.985346,1.21391068,25.5485904,87.0110283
0.0384,0.903,0.07021,70210000000000,4.04e+16,26.9860562,1.21399748,25.5485534,87.0072233
0.0384,0.903,0.07021,70400000000000,4.021e+16,26.9841659,1.21384396,25.5485573,87.0121183
0.0384,0.903,0.07021,70400000000000,4.04e+16,26.9848789,1.21393078,25.5485202,87.0083208
0.0384,0.903,0.0704,70210000000000,4.021e+16,26.985346,1.21391065,25.5485904,87.0110305
0.0384,0.903,0.0704,70210000000000,4.04e+16,26.9860561,1.21399729,25.5485534,87.0072365
0.0384,0.903,0.0704,70400000000000,4.021e+16,26.9841659,1.21384393,25.5485573,87.0121205
0.0384,0.903,0.0704,70400000000000,4.04e+16,26.9848789,1.21393059,25.5485202,87.0083341
0.0384,0.904,0.07021,70210000000000,4.021e+16,26.987269,1.21388743,25.5506659,87.0118268
0.0384,0.904,0.07021,70210000000000,4.04e+16,26.9879708,1.21397403,25.5506288,87.0080088
0.0384,0.904,0.07021,70400000000000,4.021e+16,26.9860883,1.2138207,25.5506328,87.012916
0.0384,0.904,0.07021,70400000000000,4.04e+16,26.986793,1.21390733,25.5505956,87.0091054
0.0384,0.904,0.0704,70210000000000,4.021e+16,26.9871605,1.21388626,25.5506659,87.0115609
0.0384,0.904,0.0704,70210000000000,4.04e+16,26.9878718,1.21397286,25.5506288,87.0077735
0.0384,0.904,0.0704,70400000000000,4.021e+16,26.98598,1.21381954,25.5506328,87.0126501
0.0384,0.904,0.0704,70400000000000,4.04e+16,26.986694,1.21390616,25.5505956,87.0088698
0.03841,0.905,0.07041,70410000000000,4.041e+16,26.9885734,1.21388018,25.5526611,87.0097582
0.03841,0.905,0.07041,70410000000000,4.06e+16,26.9892732,1.21396645,25.552624,87.0059572
0.03841,0.905,0.07041,70600000000000,4.041e+16,26.9873972,1.21381369,25.5526278,87.0108449
0.03841,0.905,0.07041,70600000000000,4.06e+16,26.9880999,1.21389999,25.5525906,87.0070514
0.03841,0.905,0.0706,70410000000000,4.041e+16,26.9885734,1.21388163,25.5526611,87.0096543
0.03841,0.905,0.0706,70410000000000,4.06e+16,26.9892732,1.2139679,25.552624,87.0058532
0.03841,0.905,0.0706,70600000000000,4.041e+16,26.9873971,1.21381514,25.5526278,87.0107414
0.03841,0.905,0.0706,70600000000000,4.06e+16,26.9880999,1.21390144,25.5525906,87.0069478
0.03841,0.906,0.07041,70410000000000,4.041e+16,26.9903779,1.213856,25.5547233,87.0102871
0.03841,0.906,0.07041,70410000000000,4.06e+16,26.991079,1.21394228,25.5546862,87.0064891
0.03841,0.906,0.07041,70600000000000,4.041e+16,26.989201,1.21378951,25.5546899,87.0113724
0.03841,0.906,0.07041,70600000000000,4.06e+16,26.989905,1.21387583,25.5546527,87.0075815
0.03841,0.906,0.0706,70410000000000,4.041e+16,26.9903746,1.21385592,25.5547233,87.0102817
0.03841,0.906,0.0706,70410000000000,4.06e+16,26.9910757,1.21394221,25.5546862,87.0064835
0.03841,0.906,0.0706,70600000000000,4.041e+16,26.9891979,1.21378944,25.5546899,87.0113673
0.03841,0.906,0.0706,70600000000000,4.06e+16,26.9899017,1.21387575,25.5546527,87.0075761
0.0386,0.905,0.07041,70410000000000,4.041e+16,26.9904569,1.21388601,25.5526826,87.0153388
0.0386,0.905,0.07041,70410000000000,4.06e+16,26.9911568,1.21397229,25.5526455,87.0115373
0.0386,0.905,0.07041,70600000000000,4.041e+16,26.9892789,1.21381952,25.5526494,87.0164203
0.0386,0.905,0.07041,70600000000000,4.06e+16,26.9899818,1.21390583,25.5526122,87.0126267
0.0386,0.905,0.0706,70410000000000,4.041e+16,26.990348,1.21388687,25.5526826,87.0149263
0.0386,0.905,0.0706,70410000000000,4.06e+16,26.9910575,1.21397315,25.5526455,87.0111555
0.0386,0.905,0.0706,70600000000000,4.041e+16,26.9891701,1.21382038,25.5526494,87.0160085
0.0386,0.905,0.0706,70600000000000,4.06e+16,26.9898825,1.21390669,25.5526122,87.0122452
0.0386,0.906,0.07041,70410000000000,4.041e+16,26.9921487,1.21386013,25.5547447,87.0156264
0.0386,0.906,0.07041,70410000000000,4.06e+16,26.9928595,1.21394642,25.5547076,87.0118588
0.0386,0.906,0.07041,70600000000000,4.041e+16,26.9909703,1.21379365,25.5547114,87.0167068
0.0386,0.906,0.07041,70600000000000,4.06e+16,26.9916838,1.21387996,25.5546742,87.0129463
0.0386,0.906,0.0706,70410000000000,4.041e+16,26.9921487,1.21386163,25.5547447,87.0155191
0.0386,0.906,0.0706,70410000000000,4.06e+16,26.9928595,1.21394792,25.5547076,87.0117514
0.0386,0.906,0.0706,70600000000000,4.041e+16,26.9909703,1.21379514,25.5547114,87.0165998
0.0386,0.906,0.0706,70600000000000,4.06e+16,26.9916838,1.21388146,25.5546742,87.0128392
0.03861,0.907,0.07081,70610000000000,4.061e+16,26.9935488,1.21385716,25.5567271,87.0136027
0.03861,0.907,0.07081,70610000000000,4.08e+16,26.9942483,1.21394313,25.5566899,87.0098217
0.03861,0.907,0.07081,70800000000000,4.061e+16,26.9923747,1.21379091,25.5566936,87.0146816
0.03861,0.907,0.07081,70800000000000,4.08e+16,26.9930769,1.21387691,25.5566563,87.0109072
0.03861,0.907,0.071,70610000000000,4.061e+16,26.9935455,1.21385659,25.5567271,87.0136333
0.03861,0.907,0.071,70610000000000,4.08e+16,26.9942449,1.21394256,25.5566899,87.009852
0.03861,0.907,0.071,70800000000000,4.061e+16,26.9923715,1.21379033,25.5566936,87.0147123
0.03861,0.907,0.071,70800000000000,4.08e+16,26.9930735,1.21387633,25.5566563,87.0109375
0.03861,0.908,0.07081,70610000000000,4.061e+16,26.9953366,1.21383124,25.558776,87.0142481
0.03861,0.908,0.07081,70610000000000,4.08e+16,26.9960371,1.21391723,25.5587388,87.010469
0.03861,0.908,0.07081,70800000000000,4.061e+16,26.9941618,1.21376499,25.5587424,87.0153249
0.03861,0.908,0.07081,70800000000000,4.08e+16,26.9948652,1.213851,25.5587051,87.0115534
0.03861,0.908,0.071,70610000000000,4.061e+16,26.9954334,1.2138311,25.558776,87.0145703
0.03861,0.908,0.071,70610000000000,4.08e+16,26.9961339,1.21391709,25.5587388,87.010791
0.03861,0.908,0.071,70800000000000,4.061e+16,26.9942588,1.21376485,25.5587424,87.0156474
0.03861,0.908,0.071,70800000000000,4.08e+16,26.9949621,1.21385086,25.5587051,87.0118756
0.0388,0.907,0.07081,70610000000000,4.061e+16,26.9952533,1.2138623,25.5567486,87.0186554
0.0388,0.907,0.07081,70610000000000,4.08e+16,26.995962,1.21394828,25.5567114,87.0149032
0.0388,0.907,0.07081,70800000000000,4.061e+16,26.9940777,1.21379604,25.5567151,87.0197298
0.0388,0.907,0.07081,70800000000000,4.08e+16,26.994789,1.21388205,25.5566779,87.0159842
0.0388,0.907,0.071,70610000000000,4.061e+16,26.9952532,1.21386094,25.5567486,87.0187528
0.0388,0.907,0.071,70610000000000,4.08e+16,26.9959619,1.21394692,25.5567114,87.0150007
0.0388,0.907,0.071,70800000000000,4.061e+16,26.9940776,1.21379469,25.5567151,87.0198268
0.0388,0.907,0.071,70800000000000,4.08e+16,26.9947889,1.21388069,25.5566779,87.0160813
0.0388,0.908,0.07081,70610000000000,4.061e+16,26.9970439,1.21383535,25.5587974,87.0193838
0.0388,0.908,0.07081,70610000000000,4.08e+16,26.9977536,1.21392134,25.5587602,87.0156339
0.0388,0.908,0.07081,70800000000000,4.061e+16,26.9958675,1.2137691,25.5587639,87.0204557
0.0388,0.908,0.07081,70800000000000,4.08e+16,26.9965802,1.21385511,25.5587266,87.0167133
0.0388,0.908,0.071,70610000000000,4.061e+16,26.9971406,1.21383643,25.5587974,87.0196178
0.0388,0.908,0.071,70610000000000,4.08e+16,26.9978503,1.21392243,25.5587602,87.0158676
0.0388,0.908,0.071,70800000000000,4.061e+16,26.9959643,1.21377018,25.5587639,87.0206903
0.0388,0.908,0.071,70800000000000,4.08e+16,26.996677,1.2138562,25.5587266,87.0169476
0.03881,0.909,0.07101,70810000000000,4.081e+16,26.9985221,1.2138319,25.5607662,87.0176927
0.03881,0.909,0.07101,70810000000000,4.1e+16,26.9992209,1.21391753,25.5607425,87.0138874
0.03881,0.909,0.07101,71000000000000,4.081e+16,26.9973501,1.21376587,25.5607326,87.0187632
0.03881,0.909,0.07101,71000000000000,4.1e+16,26.9980518,1.21385153,25.5607087,87.0149652
0.03881,0.909,0.0712,70810000000000,4.081e+16,26.9984217,1.2138317,25.5607662,87.0173835
0.03881,0.909,0.0712,70810000000000,4.1e+16,26.9991205,1.21391758,25.5607425,87.0135603
0.03881,0.909,0.0712,71000000000000,4.081e+16,26.9972497,1.21376567,25.5607326,87.0184539
0.03881,0.909,0.0712,71000000000000,4.1e+16,26.9979513,1.21385158,25.5607087,87.014638
0.03881,0.91,0.07101,70810000000000,4.081e+16,27.0002965,1.21380524,25.562802,87.0183927
0.03881,0.91,0.07101,70810000000000,4.1e+16,27.0009964,1.21389092,25.5627782,87.0145869
0.03881,0.91,0.07101,71000000000000,4.081e+16,26.9991241,1.21373922,25.5627682,87.0194617
0.03881,0.91,0.07101,71000000000000,4.1e+16,26.9998267,1.21382493,25.5627443,87.0156628
0.03881,0.91,0.0712,70810000000000,4.081e+16,27.0002965,1.2138076,25.562802,87.0182234
0.03881,0.91,0.0712,70810000000000,4.1e+16,27.0009964,1.21389191,25.5627782,87.0145163
0.03881,0.91,0.0712,71000000000000,4.081e+16,26.9991241,1.21374157,25.5627682,87.0192931
0.03881,0.91,0.0712,71000000000000,4.1e+16,26.9998267,1.21382591,25.5627443,87.0155926
0.039,0.909,0.07101,70810000000000,4.081e+16,27.000166,1.21383597,25.5607871,87.0226281
0.039,0.909,0.07101,70810000000000,4.1e+16,27.0008735,1.21392165,25.5607499,87.0188931
0.039,0.909,0.07101,71000000000000,4.081e+16,26.9989925,1.21376995,25.5607535,87.0236939
0.039,0.909,0.07101,71000000000000,4.1e+16,26.9997028,1.21385565,25.5607162,87.0199661
0.039,0.909,0.0712,70810000000000,4.081e+16,27.0000657,1.21383579,25.5607871,87.0223179
0.039,0.909,0.0712,70810000000000,4.1e+16,27.0007733,1.21392146,25.5607499,87.018583
0.039,0.909,0.0712,71000000000000,4.081e+16,26.9988923,1.21376976,25.5607535,87.0233837
0.039,0.909,0.0712,71000000000000,4.1e+16,26.9996026,1.21385547,25.5607162,87.019656
0.039,0.91,0.07101,70810000000000,4.081e+16,27.0018395,1.21381021,25.5628228,87.0229383
0.039,0.91,0.07101,70810000000000,4.1e+16,27.0025479,1.2138959,25.5627855,87.0192052
0.039,0.91,0.07101,71000000000000,4.081e+16,27.0006655,1.21374419,25.5627891,87.0240029
0.039,0.91,0.07101,71000000000000,4.1e+16,27.0013768,1.2138299,25.5627517,87.0202769
0.039,0.91,0.0712,70810000000000,4.081e+16,27.0018428,1.2138115,25.5628228,87.0228565
0.039,0.91,0.0712,70810000000000,4.1e+16,27.0025514,1.21389719,25.5627855,87.0191236
0.039,0.91,0.0712,71000000000000,4.081e+16,27.0006688,1.21374547,25.5627891,87.0239211
0.039,0.91,0.0712,71000000000000,4.1e+16,27.0013801,1.21383119,25.5627517,87.0201952
0.03901,0.911,0.07121,71010000000000,4.101e+16,27.0033059,1.213807,25.5647782,87.0212375
0.03901,0.911,0.07121,71010000000000,4.11e+16,27.003638,1.21384748,25.5647738,87.0194208
0.03901,0.911,0.07121,71100000000000,4.101e+16,27.0027515,1.21377581,25.5647622,87.0217416
0.03901,0.911,0.07121,71100000000000,4.11e+16,27.0030844,1.2138163,25.5647577,87.0199271
0.03901,0.911,0.0713,71010000000000,4.101e+16,27.0032049,1.21380568,25.5647782,87.0210066
0.03901,0.911,0.0713,71010000000000,4.11e+16,27.0035371,1.21384617,25.5647738,87.01919
0.03901,0.911,0.0713,71100000000000,4.101e+16,27.0026505,1.2137745,25.5647622,87.0215105
0.03901,0.911,0.0713,71100000000000,4.11e+16,27.0029835,1.21381498,25.5647577,87.0196962
0.03901,0.92,0.07121,71010000000000,4.101e+16,27.0189885,1.21357714,25.5829288,87.0264817
0.03901,0.92,0.07121,71010000000000,4.11e+16,27.0193253,1.21361768,25.5829108,87.02472
0.03901,0.92,0.07121,71100000000000,4.101e+16,27.0184317,1.21354597,25.5829124,87.026979
0.03901,0.92,0.07121,71100000000000,4.11e+16,27.0187692,1.21358652,25.5828944,87.0252195
0.03901,0.92,0.0713,71010000000000,4.101e+16,27.0189885,1.21357703,25.5829288,87.0264892
0.03901,0.92,0.0713,71010000000000,4.11e+16,27.0193252,1.21361758,25.5829108,87.0247274
0.03901,0.92,0.0713,71100000000000,4.101e+16,27.0184317,1.21354587,25.5829124,87.0269865
0.03901,0.92,0.0713,71100000000000,4.11e+16,27.0187693,1.21358641,25.5828944,87.025227
0.0391,0.911,0.07121,71010000000000,4.101e+16,27.0039625,1.21380905,25.5647875,87.0231749
0.0391,0.911,0.07121,71010000000000,4.11e+16,27.0042968,1.21384954,25.5647698,87.0214098
0.0391,0.911,0.07121,71100000000000,4.101e+16,27.003408,1.21377786,25.5647715,87.0236786
0.0391,0.911,0.07121,71100000000000,4.11e+16,27.0037426,1.21381835,25.5647538,87.0219143
0.0391,0.911,0.0713,71010000000000,4.101e+16,27.0040633,1.21380813,25.5647875,87.023566
0.0391,0.911,0.0713,71010000000000,4.11e+16,27.0043976,1.21384861,25.5647698,87.0218009
0.0391,0.911,0.0713,71100000000000,4.101e+16,27.0035088,1.21377694,25.5647715,87.0240696
0.0391,0.911,0.0713,71100000000000,4.11e+16,27.0038434,1.21381743,25.5647538,87.0223053
0.0391,0.92,0.07121,71010000000000,4.101e+16,27.019569,1.21357928,25.5827761,87.0287173
0.0391,0.92,0.07121,71010000000000,4.11e+16,27.0200829,1.21362002,25.5829207,87.0269592
0.0391,0.92,0.07121,71100000000000,4.101e+16,27.0190122,1.21354811,25.5827598,87.0292145
0.0391,0.92,0.07121,71100000000000,4.11e+16,27.0195264,1.21358886,25.5829043,87.0274571
0.0391,0.92,0.0713,71010000000000,4.101e+16,27.0195723,1.21357928,25.5827761,87.0287277
0.0391,0.92,0.0713,71010000000000,4.11e+16,27.0200862,1.21362002,25.5829207,87.0269697
0.0391,0.92,0.0713,71100000000000,4.101e+16,27.0190154,1.21354811,25.5827598,87.0292248
0.0391,0.92,0.0713,71100000000000,4.11e+16,27.0195297,1.21358886,25.5829043,87.0274676
0.03911,0.921,0.07131,71110000000000,4.111e+16,27.0212874,1.21356556,25.5848678,87.0281202
0.03911,0.921,0.07131,71110000000000,4.12e+16,27.0216239,1.21360604,25.5848498,87.0263625
0.03911,0.921,0.07131,71200000000000,4.111e+16,27.0207312,1.21353445,25.5848513,87.028616
0.03911,0.921,0.07131,71200000000000,4.12e+16,27.0210684,1.21357493,25.5848334,87.0268601
0.03911,0.921,0.0714,71110000000000,4.111e+16,27.0213914,1.2135657,25.5848678,87.0284452
0.03911,0.921,0.0714,71110000000000,4.12e+16,27.0217278,1.21360617,25.5848498,87.0266875
0.03911,0.921,0.0714,71200000000000,4.111e+16,27.0208352,1.21353459,25.5848513,87.0289411
0.03911,0.921,0.0714,71200000000000,4.12e+16,27.0211723,1.21357506,25.5848334,87.0271852
0.03911,0.93,0.07131,71110000000000,4.111e+16,27.0363162,1.21333833,25.6022867,87.0335763
0.03911,0.93,0.07131,71110000000000,4.12e+16,27.0366572,1.21337887,25.6022685,87.0318286
0.03911,0.93,0.07131,71200000000000,4.111e+16,27.0357577,1.21330724,25.6022699,87.0340659
0.03911,0.93,0.07131,71200000000000,4.12e+16,27.0360993,1.21334778,25.6022517,87.0323195
0.03911,0.93,0.0714,71110000000000,4.111e+16,27.0363162,1.2133384,25.6022867,87.0335714
0.03911,0.93,0.0714,71110000000000,4.12e+16,27.0366572,1.21337893,25.6022685,87.0318236
0.03911,0.93,0.0714,71200000000000,4.111e+16,27.0357577,1.21330731,25.6022699,87.0340609
0.03911,0.93,0.0714,71200000000000,4.12e+16,27.0360993,1.21334785,25.6022517,87.0323145
0.0392,0.921,0.07131,71110000000000,4.111e+16,27.0221329,1.21356823,25.5848776,87.0306187
0.0392,0.921,0.07131,71110000000000,4.12e+16,27.0224712,1.2136087,25.5848597,87.028867
0.0392,0.921,0.07131,71200000000000,4.111e+16,27.0215765,1.21353711,25.5848612,87.0311141
0.0392,0.921,0.07131,71200000000000,4.12e+16,27.0219154,1.21357759,25.5848432,87.0293637
0.0392,0.921,0.0714,71110000000000,4.111e+16,27.0220323,1.2135684,25.5848776,87.030282
0.0392,0.921,0.0714,71110000000000,4.12e+16,27.0223706,1.21360888,25.5848597,87.0285304
0.0392,0.921,0.0714,71200000000000,4.111e+16,27.0214759,1.21353729,25.5848612,87.0307773
0.0392,0.921,0.0714,71200000000000,4.12e+16,27.0218148,1.21357777,25.5848432,87.0290271
0.0392,0.93,0.07131,71110000000000,4.111e+16,27.0370561,1.21334185,25.6022963,87.0356729
0.0392,0.93,0.07131,71110000000000,4.12e+16,27.0373989,1.21338238,25.6022781,87.0339308
0.0392,0.93,0.07131,71200000000000,4.111e+16,27.0364973,1.21331075,25.6022796,87.0361619
0.0392,0.93,0.07131,71200000000000,4.12e+16,27.0368408,1.21335129,25.6022614,87.0344213
0.0392,0.93,0.0714,71110000000000,4.111e+16,27.0371627,1.21334072,25.6022963,87.0360974
0.0392,0.93,0.0714,71110000000000,4.12e+16,27.0375056,1.21338125,25.6022781,87.0343553
0.0392,0.93,0.0714,71200000000000,4.111e+16,27.036604,1.21330962,25.6022796,87.0365861
0.0392,0.93,0.0714,71200000000000,4.12e+16,27.0369474,1.21335016,25.6022614,87.0348456
0.03921,0.931,0.07141,71210000000000,4.121e+16,27.0386435,1.21332654,25.6041638,87.0355332
0.03921,0.931,0.07141,71210000000000,4.13e+16,27.0389842,1.213367,25.6041455,87.0337893
0.03921,0.931,0.07141,71300000000000,4.121e+16,27.0380857,1.2132955,25.604147,87.0360213
0.03921,0.931,0.07141,71300000000000,4.13e+16,27.0384267,1.21333596,25.6041287,87.0342784
0.03921,0.931,0.0715,71210000000000,4.121e+16,27.0385366,1.21332636,25.6041638,87.0352013
0.03921,0.931,0.0715,71210000000000,4.13e+16,27.0388772,1.21336683,25.6041455,87.0334574
0.03921,0.931,0.0715,71300000000000,4.121e+16,27.0379787,1.21329532,25.604147,87.0356894
0.03921,0.931,0.0715,71300000000000,4.13e+16,27.0383198,1.21333579,25.6041287,87.0339464
0.03921,0.94,0.07141,71210000000000,4.121e+16,27.0531138,1.21310215,25.6210439,87.040836
0.03921,0.94,0.07141,71210000000000,4.13e+16,27.0534589,1.21314267,25.6210254,87.0391018
0.03921,0.94,0.07141,71300000000000,4.121e+16,27.0525537,1.21307113,25.6210268,87.041318
0.03921,0.94,0.07141,71300000000000,4.13e+16,27.0528992,1.21311166,25.6210083,87.0395846
0.03921,0.94,0.0715,71210000000000,4.121e+16,27.0531137,1.21310231,25.6210439,87.0408242
0.03921,0.94,0.0715,71210000000000,4.13e+16,27.0534588,1.21314283,25.6210254,87.03909
0.03921,0.94,0.0715,71300000000000,4.121e+16,27.0525536,1.21307129,25.6210268,87.0413062
0.03921,0.94,0.0715,71300000000000,4.13e+16,27.0528991,1.21311182,25.6210083,87.0395728
0.0393,0.931,0.07141,71210000000000,4.121e+16,27.0392627,1.2133297,25.6041734,87.0372671
0.0393,0.931,0.07141,71210000000000,4.13e+16,27.0396048,1.21337016,25.6041553,87.0355271
0.0393,0.931,0.07141,71300000000000,4.121e+16,27.0387045,1.21329865,25.6041566,87.0377541
0.0393,0.931,0.07141,71300000000000,4.13e+16,27.0390473,1.21333912,25.6041385,87.0360162
0.0393,0.931,0.0715,71210000000000,4.121e+16,27.0392659,1.21332987,25.6041734,87.0372647
0.0393,0.931,0.0715,71210000000000,4.13e+16,27.039608,1.21337034,25.6041553,87.0355249
0.0393,0.931,0.0715,71300000000000,4.121e+16,27.0387076,1.21329883,25.6041566,87.0377515
0.0393,0.931,0.0715,71300000000000,4.13e+16,27.0390505,1.2133393,25.6041385,87.0360139
0.0393,0.94,0.07141,71210000000000,4.121e+16,27.0537286,1.21310443,25.6210533,87.0426179
0.0393,0.94,0.07141,71210000000000,4.13e+16,27.0540753,1.21314496,25.6210348,87.0408888
0.0393,0.94,0.07141,71300000000000,4.121e+16,27.053168,1.21307341,25.6210362,87.0430984
0.0393,0.94,0.07141,71300000000000,4.13e+16,27.0535155,1.21311394,25.6210177,87.0413714
0.0393,0.94,0.0715,71210000000000,4.121e+16,27.0538053,1.21310448,25.6210533,87.0428621
0.0393,0.94,0.0715,71210000000000,4.13e+16,27.0541522,1.213145,25.6210348,87.0411332
0.0393,0.94,0.0715,71300000000000,4.121e+16,27.0532446,1.21307345,25.6210362,87.0433422
0.0393,0.94,0.0715,71300000000000,4.13e+16,27.0535922,1.21311398,25.6210177,87.0416155
0.03931,0.941,0.07151,71310000000000,4.131e+16,27.0551487,1.21309027,25.6228613,87.0420614
0.03931,0.941,0.07151,71310000000000,4.14e+16,27.0554933,1.21313072,25.6228428,87.0403306
0.03931,0.941,0.07151,71400000000000,4.131e+16,27.0545892,1.2130593,25.6228441,87.0425416
0.03931,0.941,0.07151,71400000000000,4.14e+16,27.0549343,1.21309976,25.6228256,87.0408119
0.03931,0.941,0.0716,71310000000000,4.131e+16,27.0551486,1.21309155,25.6228613,87.0419696
0.03931,0.941,0.0716,71310000000000,4.14e+16,27.0554932,1.213132,25.6228428,87.0402386
0.03931,0.941,0.0716,71400000000000,4.131e+16,27.0545891,1.21306058,25.6228441,87.0424499
0.03931,0.941,0.0716,71400000000000,4.14e+16,27.0549342,1.21310103,25.6228256,87.0407201
0.03931,0.95,0.07151,71310000000000,4.131e+16,27.0691903,1.21286864,25.6392685,87.0474102
0.03931,0.95,0.07151,71310000000000,4.14e+16,27.0695392,1.21290915,25.6392498,87.0456884
0.03931,0.95,0.07151,71400000000000,4.131e+16,27.0686284,1.21283769,25.639251,87.0478839
0.03931,0.95,0.07151,71400000000000,4.14e+16,27.0689779,1.2128782,25.6392323,87.046164
0.03931,0.95,0.0716,71310000000000,4.131e+16,27.0690704,1.21286964,25.6392685,87.0469526
0.03931,0.95,0.0716,71310000000000,4.14e+16,27.0694192,1.21291015,25.6392498,87.0452308
0.03931,0.95,0.0716,71400000000000,4.131e+16,27.0685086,1.21283869,25.639251,87.0474269
0.03931,0.95,0.0716,71400000000000,4.14e+16,27.068858,1.2128792,25.6392323,87.0457065
0.0394,0.941,0.07151,71310000000000,4.131e+16,27.0559697,1.21309279,25.6228707,87.0444897
0.0394,0.941,0.07151,71310000000000,4.14e+16,27.056317,1.21313324,25.6228517,87.0427692
0.0394,0.941,0.07151,71400000000000,4.131e+16,27.0554096,1.21306182,25.6228536,87.0449682
0.0394,0.941,0.07151,71400000000000,4.14e+16,27.0557577,1.21310228,25.6228345,87.0432499
0.0394,0.941,0.0716,71310000000000,4.131e+16,27.0559697,1.21309392,25.6228707,87.0444086
0.0394,0.941,0.0716,71310000000000,4.14e+16,27.0563171,1.21313543,25.6228517,87.0426121
0.0394,0.941,0.0716,71400000000000,4.131e+16,27.0554096,1.21306295,25.6228536,87.0448873
0.0394,0.941,0.0716,71400000000000,4.14e+16,27.0557578,1.21310447,25.6228345,87.0430931
0.0394,0.95,0.07151,71310000000000,4.131e+16,27.0698657,1.21287058,25.6392778,87.0494118
0.0394,0.95,0.07151,71310000000000,4.14e+16,27.0702093,1.21291109,25.639259,87.0476729
0.0394,0.95,0.07151,71400000000000,4.131e+16,27.0693034,1.21283963,25.6392603,87.0498843
0.0394,0.95,0.07151,71400000000000,4.14e+16,27.0696477,1.21288014,25.6392415,87.0481472
0.0394,0.95,0.0716,71310000000000,4.131e+16,27.0698657,1.2128718,25.6392778,87.0493241
0.0394,0.95,0.0716,71310000000000,4.14e+16,27.0702092,1.21291231,25.639259,87.0475851
0.0394,0.95,0.0716,71400000000000,4.131e+16,27.0693034,1.21284084,25.6392603,87.0497968
0.0394,0.95,0.0716,71400000000000,4.14e+16,27.0696476,1.21288136,25.6392415,87.0480595
0.03941,0.951,0.07161,71410000000000,4.141e+16,27.0712621,1.21285716,25.6410285,87.0489213
0.03941,0.951,0.07161,71410000000000,4.145e+16,27.0714173,1.21287514,25.6410201,87.0481583
0.03941,0.951,0.07161,71450000000000,4.141e+16,27.0710125,1.21284342,25.6410207,87.0491311
0.03941,0.951,0.07161,71450000000000,4.145e+16,27.0711679,1.2128614,25.6410124,87.0483687
0.03941,0.952,0.07161,71410000000000,4.141e+16,27.0727335,1.21283376,25.6428129,87.0492742
0.03941,0.952,0.07161,71410000000000,4.145e+16,27.072889,1.21285175,25.6428045,87.0485119
0.03941,0.952,0.07161,71450000000000,4.141e+16,27.072484,1.21282002,25.6428051,87.0494843
0.03941,0.952,0.07161,71450000000000,4.145e+16,27.0726394,1.21283801,25.6427967,87.0487217
0.03946,0.953,0.07166,71460000000000,4.146e+16,27.0744324,1.21281454,25.6445767,87.0501293
0.03946,0.953,0.07166,71460000000000,4.15e+16,27.0745877,1.21283251,25.6445683,87.0493672
0.03946,0.953,0.07166,71500000000000,4.146e+16,27.0741829,1.21280081,25.6445688,87.0503386
0.03946,0.953,0.07166,71500000000000,4.15e+16,27.0743384,1.21281878,25.6445605,87.0495772
0.03946,0.954,0.07166,71460000000000,4.146e+16,27.0760547,1.21279117,25.64635,87.0510032
0.03946,0.954,0.07166,71460000000000,4.15e+16,27.0762104,1.21280914,25.6463416,87.050242
0.03946,0.954,0.07166,71500000000000,4.146e+16,27.0758049,1.21277744,25.6463421,87.0512118
0.03946,0.954,0.07166,71500000000000,4.15e+16,27.0759608,1.21279542,25.6463338,87.0504513
0.03951,0.955,0.07175,71510000000000,4.151e+16,27.0778181,1.21277217,25.6481027,87.0520869
0.03951,0.955,0.07175,71510000000000,4.155e+16,27.0779738,1.21279013,25.6480943,87.0513269
0.03951,0.955,0.07175,71550000000000,4.151e+16,27.0775684,1.21275846,25.6480948,87.052295
0.03951,0.955,0.07175,71550000000000,4.155e+16,27.0777243,1.21277642,25.6480864,87.0515354
0.03951,0.956,0.07175,71510000000000,4.151e+16,27.0793081,1.2127479,25.649865,87.052638
0.03951,0.956,0.07175,71510000000000,4.155e+16,27.0794639,1.21276586,25.6498566,87.0518782
0.03951,0.956,0.07175,71550000000000,4.151e+16,27.0790584,1.21273419,25.6498571,87.0528462
0.03951,0.956,0.07175,71550000000000,4.155e+16,27.0792144,1.21275215,25.6498487,87.0520867
0.03955,0.955,0.07175,71510000000000,4.151e+16,27.0780815,1.21277327,25.6481067,87.0528415
0.03955,0.955,0.07175,71510000000000,4.155e+16,27.0782375,1.21279122,25.6480984,87.0520824
0.03955,0.955,0.07175,71550000000000,4.151e+16,27.0778318,1.21275955,25.6480989,87.0530494
0.03955,0.955,0.07175,71550000000000,4.155e+16,27.077988,1.21277751,25.6480905,87.052291
0.03955,0.956,0.07175,71510000000000,4.151e+16,27.0795714,1.21274959,25.6498691,87.0533492
0.03955,0.956,0.07175,71510000000000,4.155e+16,27.0797277,1.21276755,25.6498607,87.0525908
0.03955,0.956,0.07175,71550000000000,4.151e+16,27.0793218,1.21273588,25.6498612,87.0535575
0.03955,0.956,0.07175,71550000000000,4.155e+16,27.0794779,1.21275384,25.6498528,87.0527987
0.03956,0.957,0.07181,71560000000000,4.156e+16,27.0809305,1.21272968,25.6516066,87.0532502
0.03956,0.957,0.07181,71560000000000,4.16e+16,27.0810862,1.21274763,25.6515983,87.0524911
0.03956,0.957,0.07181,71600000000000,4.156e+16,27.0806808,1.21271598,25.6515988,87.0534577
0.03956,0.957,0.07181,71600000000000,4.16e+16,27.0808368,1.21273393,25.6515904,87.0526992
0.03956,0.958,0.07181,71560000000000,4.156e+16,27.082409,1.21270565,25.6533581,87.0537841
0.03956,0.958,0.07181,71560000000000,4.16e+16,27.0825651,1.2127236,25.6533497,87.053026
0.03956,0.958,0.07181,71600000000000,4.156e+16,27.0821593,1.21269195,25.6533502,87.0539916
0.03956,0.958,0.07181,71600000000000,4.16e+16,27.0823154,1.2127099,25.6533418,87.0532334
0.03961,0.959,0.07186,71610000000000,4.161e+16,27.084144,1.21268769,25.6550888,87.0547777
0.03961,0.959,0.07186,71610000000000,4.165e+16,27.0843001,1.21270562,25.6550804,87.0540205
0.03961,0.959,0.07186,71650000000000,4.161e+16,27.0838945,1.21267401,25.6550809,87.0549849
0.03961,0.959,0.07186,71650000000000,4.165e+16,27.0840505,1.21269194,25.6550724,87.0542273
0.03961,0.96,0.07186,71610000000000,4.161e+16,27.0856115,1.21266562,25.6568294,87.0551724
0.03961,0.96,0.07186,71610000000000,4.165e+16,27.0857677,1.21268356,25.656821,87.0544152
0.03961,0.96,0.07186,71650000000000,4.161e+16,27.0853617,1.21265193,25.6568215,87.0553789
0.03961,0.96,0.07186,71650000000000,4.165e+16,27.0855181,1.21266987,25.656813,87.0546224
0.03966,0.961,0.07191,71660000000000,4.166e+16,27.0873288,1.21264662,25.6585492,87.0562207
0.03966,0.961,0.07191,71660000000000,4.17e+16,27.087485,1.21266454,25.6585408,87.0554647
0.03966,0.961,0.07191,71700000000000,4.166e+16,27.087079,1.21263295,25.6585413,87.0564265
0.03966,0.961,0.07191,71700000000000,4.17e+16,27.0872355,1.21265087,25.6585328,87.0556711
0.03966,0.961,0.07195,71660000000000,4.166e+16,27.0873288,1.21264662,25.6585492,87.0562207
0.03966,0.961,0.07195,71660000000000,4.17e+16,27.087485,1.21266454,25.6585408,87.0554647
0.03966,0.961,0.07195,71700000000000,4.166e+16,27.087079,1.21263295,25.6585413,87.0564265
0.03966,0.961,0.07195,71700000000000,4.17e+16,27.0872354,1.21265087,25.6585328,87.055671
0.03966,0.962,0.07191,71660000000000,4.166e+16,27.088785,1.21262206,25.6602791,87.0567949
0.03966,0.962,0.07191,71660000000000,4.17e+16,27.0889414,1.21263998,25.6602707,87.0560394
0.03966,0.962,0.07191,71700000000000,4.166e+16,27.0885353,1.21260838,25.6602711,87.057001
0.03966,0.962,0.07191,71700000000000,4.17e+16,27.0886917,1.21262631,25.6602627,87.0562453
0.03966,0.962,0.07195,71660000000000,4.166e+16,27.088785,1.21262125,25.6602791,87.056853
0.03966,0.962,0.07195,71660000000000,4.17e+16,27.0889414,1.21263917,25.6602707,87.0560975
0.03966,0.962,0.07195,71700000000000,4.166e+16,27.0885353,1.21260757,25.6602711,87.057059
0.03966,0.962,0.07195,71700000000000,4.17e+16,27.0886917,1.2126255,25.6602627,87.0563034
0.03971,0.963,0.07196,71710000000000,4.171e+16,27.0905939,1.21260436,25.6619882,87.0580806
0.03971,0.963,0.07196,71710000000000,4.175e+16,27.0907502,1.21262227,25.6619797,87.0573255
0.03971,0.963,0.07196,71750000000000,4.171e+16,27.0903443,1.2125907,25.6619802,87.058286
0.03971,0.963,0.07196,71750000000000,4.175e+16,27.0905007,1.21260861,25.6619717,87.0575314
0.03971,0.964,0.07196,71710000000000,4.171e+16,27.0919361,1.21258049,25.6637074,87.058275
0.03971,0.964,0.07196,71710000000000,4.175e+16,27.0920927,1.21259841,25.6636989,87.0575208
0.03971,0.964,0.07196,71750000000000,4.171e+16,27.0916862,1.21256683,25.6636994,87.0584797
0.03971,0.964,0.07196,71750000000000,4.175e+16,27.091843,1.21258475,25.6636909,87.0577262
0.03975,0.963,0.07196,71710000000000,4.171e+16,27.090783,1.21260549,25.6619922,87.058593
0.03975,0.963,0.07196,71710000000000,4.175e+16,27.0909398,1.21262341,25.6619838,87.0578395
0.03975,0.963,0.07196,71750000000000,4.171e+16,27.0905333,1.21259183,25.6619842,87.0587984
0.03975,0.963,0.07196,71750000000000,4.175e+16,27.09069,1.21260975,25.6619758,87.0580447
0.03975,0.964,0.07196,71710000000000,4.171e+16,27.0923099,1.21258017,25.6637114,87.0594855
0.03975,0.964,0.07196,71710000000000,4.175e+16,27.0924665,1.21259809,25.663703,87.0587311
0.03975,0.964,0.07196,71750000000000,4.171e+16,27.09206,1.21256651,25.6637034,87.0596902
0.03975,0.964,0.07196,71750000000000,4.175e+16,27.0922167,1.21258443,25.6636949,87.0589363
0.03976,0.965,0.07201,71760000000000,4.176e+16,27.0936247,1.21256274,25.6654057,87.0592146
0.03976,0.965,0.07201,71760000000000,4.18e+16,27.0937813,1.21258064,25.6653972,87.0584615
0.03976,0.965,0.07201,71800000000000,4.176e+16,27.0933749,1.21254909,25.6653977,87.0594191
0.03976,0.965,0.07201,71800000000000,4.18e+16,27.0935316,1.21256699,25.6653892,87.0586661
0.03976,0.966,0.07201,71760000000000,4.176e+16,27.0950606,1.2125375,25.6671143,87.0598452
0.03976,0.966,0.07201,71760000000000,4.18e+16,27.0952172,1.2125554,25.6671058,87.059092
0.03976,0.966,0.07201,71800000000000,4.176e+16,27.0948107,1.21252385,25.6671063,87.0600494
0.03976,0.966,0.07201,71800000000000,4.18e+16,27.0949676,1.21254175,25.6670978,87.0592967
0.03981,0.967,0.07206,71810000000000,4.181e+16,27.0967365,1.21252092,25.668802,87.0606957
0.03981,0.967,0.07206,71810000000000,4.185e+16,27.0968932,1.21253881,25.6687935,87.0599435
0.03981,0.967,0.07206,71850000000000,4.181e+16,27.0964867,1.21250729,25.668794,87.0608994
0.03981,0.967,0.07206,71850000000000,4.185e+16,27.0966436,1.21252518,25.6687855,87.0601478
0.03981,0.968,0.07206,71810000000000,4.181e+16,27.099805,1.21249745,25.6720167,87.0613367
0.03981,0.968,0.07206,71810000000000,4.185e+16,27.099962,1.21251534,25.6720082,87.0605854
0.03981,0.968,0.07206,71850000000000,4.181e+16,27.0995551,1.21248382,25.6720086,87.06154
0.03981,0.968,0.07206,71850000000000,4.185e+16,27.0997122,1.21250171,25.6720001,87.0607889
0.03986,0.969,0.07211,71860000000000,4.186e+16,27.1015754,1.21247993,25.6736965,87.0625861
0.03986,0.969,0.07211,71860000000000,4.19e+16,27.1017325,1.2124978,25.673688,87.0618359
0.03986,0.969,0.07211,71900000000000,4.186e+16,27.1013257,1.21246631,25.6736884,87.0627894
0.03986,0.969,0.07211,71900000000000,4.19e+16,27.1014826,1.21248419,25.6736799,87.0620387
0.03986,0.969,0.07215,71860000000000,4.186e+16,27.1014696,1.21248092,25.6736965,87.062175
0.03986,0.969,0.07215,71860000000000,4.19e+16,27.1016266,1.2124988,25.673688,87.0614246
0.03986,0.969,0.07215,71900000000000,4.186e+16,27.1012199,1.2124673,25.6736884,87.0623782
0.03986,0.969,0.07215,71900000000000,4.19e+16,27.1013768,1.21248518,25.6736799,87.0616275
0.03986,0.97,0.07211,71860000000000,4.186e+16,27.1029684,1.21245576,25.6753871,87.0630634
0.03986,0.97,0.07211,71860000000000,4.19e+16,27.1031254,1.21247364,25.6753786,87.0623129
0.03986,0.97,0.07211,71900000000000,4.186e+16,27.1027184,1.21244214,25.675379,87.063266
0.03986,0.97,0.07211,71900000000000,4.19e+16,27.1028757,1.21246002,25.6753704,87.062516
0.03986,0.97,0.07215,71860000000000,4.186e+16,27.1029684,1.21245588,25.6753871,87.063055
0.03986,0.97,0.07215,71860000000000,4.19e+16,27.1031254,1.21247376,25.6753786,87.0623046
0.03986,0.97,0.07215,71900000000000,4.186e+16,27.1027184,1.21244226,25.675379,87.0632576
0.03986,0.97,0.07215,71900000000000,4.19e+16,27.1028757,1.21246014,25.6753704,87.0625077
0.03991,0.971,0.07216,71910000000000,4.191e+16,27.1047257,1.21243828,25.6770564,87.0643033
0.03991,0.971,0.07216,71910000000000,4.195e+16,27.1048827,1.21245614,25.6770479,87.0635538
0.03991,0.971,0.07216,71950000000000,4.191e+16,27.1044757,1.21242467,25.6770482,87.0645052
0.03991,0.971,0.07216,71950000000000,4.195e+16,27.104633,1.21244254,25.6770397,87.0637563
0.03991,0.972,0.07216,71910000000000,4.191e+16,27.1060479,1.2124152,25.6787366,87.0645102
0.03991,0.972,0.07216,71910000000000,4.195e+16,27.1062053,1.21243307,25.6787281,87.0637617
0.03991,0.972,0.07216,71950000000000,4.191e+16,27.105798,1.2124016,25.6787285,87.0647125
0.03991,0.972,0.07216,71950000000000,4.195e+16,27.1059553,1.21241947,25.6787199,87.0639635
0.03995,0.971,0.07216,71910000000000,4.191e+16,27.1048186,1.21243902,25.6770602,87.0645356
0.03995,0.971,0.07216,71910000000000,4.195e+16,27.1049758,1.21245688,25.6770516,87.063787
0.03995,0.971,0.07216,71950000000000,4.191e+16,27.1045686,1.21242541,25.677052,87.0647375
0.03995,0.971,0.07216,71950000000000,4.195e+16,27.1047261,1.21244328,25.6770435,87.0639895
0.03995,0.972,0.07216,71910000000000,4.191e+16,27.1063302,1.21241521,25.6787404,87.0654034
0.03995,0.972,0.07216,71910000000000,4.195e+16,27.1064878,1.21243308,25.6787318,87.0646557
0.03995,0.972,0.07216,71950000000000,4.191e+16,27.1060801,1.21240161,25.6787322,87.065605
0.03995,0.972,0.07216,71950000000000,4.195e+16,27.1062378,1.21241948,25.6787237,87.0648575
0.03996,0.973,0.07221,71960000000000,4.196e+16,27.1076851,1.21239656,25.6803955,87.065483
0.03996,0.973,0.07221,71960000000000,4.2e+16,27.1078423,1.21241442,25.680387,87.0647348
0.03996,0.973,0.07221,72000000000000,4.196e+16,27.1074353,1.21238297,25.6803873,87.0656845
0.03996,0.973,0.07221,72000000000000,4.2e+16,27.1075925,1.21240082,25.6803788,87.0649366
0.03996,0.974,0.07221,71960000000000,4.196e+16,27.1090799,1.21237278,25.6820655,87.0660092
0.03996,0.974,0.07221,71960000000000,4.2e+16,27.1092374,1.21239064,25.6820569,87.0652616
0.03996,0.974,0.07221,72000000000000,4.196e+16,27.1088298,1.21235919,25.6820573,87.06621
0.03996,0.974,0.07221,72000000000000,4.2e+16,27.1089875,1.21237705,25.6820487,87.065463
0.04001,0.975,0.07226,72010000000000,4.201e+16,27.110704,1.21235623,25.6837134,87.0668271
0.04001,0.975,0.07226,72010000000000,4.205e+16,27.1108614,1.21237407,25.6837048,87.0660805
0.04001,0.975,0.07226,72050000000000,4.201e+16,27.110454,1.21234265,25.6837052,87.0670276
0.04001,0.975,0.07226,72050000000000,4.205e+16,27.1106116,1.21236049,25.6836966,87.0662814
0.04001,0.976,0.07226,72010000000000,4.201e+16,27.1119807,1.21233113,25.6853731,87.0671039
0.04001,0.976,0.07226,72010000000000,4.205e+16,27.1121382,1.21234897,25.6853645,87.0663574
0.04001,0.976,0.07226,72050000000000,4.201e+16,27.1117307,1.21231754,25.6853649,87.0673045
0.04001,0.976,0.07226,72050000000000,4.205e+16,27.1118883,1.21233539,25.6853563,87.0665582
0.04006,0.977,0.07231,72060000000000,4.206e+16,27.1136744,1.21231387,25.6870114,87.0682291
0.04006,0.977,0.07231,72060000000000,4.21e+16,27.1138318,1.2123317,25.6870028,87.0674833
0.04006,0.977,0.07231,72100000000000,4.206e+16,27.1134245,1.2123003,25.6870032,87.0684289
0.04006,0.977,0.07231,72100000000000,4.21e+16,27.1135821,1.21231813,25.6869946,87.0676838
0.04006,0.977,0.07235,72060000000000,4.206e+16,27.1136937,1.21231388,25.6870114,87.0682904
0.04006,0.977,0.07235,72060000000000,4.21e+16,27.1138511,1.2123317,25.6870028,87.0675446
0.04006,0.977,0.07235,72100000000000,4.206e+16,27.1134437,1.21230031,25.6870032,87.0684902
0.04006,0.977,0.07235,72100000000000,4.21e+16,27.1136013,1.21231814,25.6869946,87.067745
0.04006,0.978,0.07231,72060000000000,4.206e+16,27.1150718,1.21228992,25.688661,87.0688451
0.04006,0.978,0.07231,72060000000000,4.21e+16,27.1152296,1.21230775,25.6886524,87.0681002
0.04006,0.978,0.07231,72100000000000,4.206e+16,27.1148217,1.21227635,25.6886528,87.0690444
0.04006,0.978,0.07231,72100000000000,4.21e+16,27.1149796,1.21229418,25.6886442,87.0682999
0.04006,0.978,0.07235,72060000000000,4.206e+16,27.1149653,1.2122911,25.688661,87.0684179
0.04006,0.978,0.07235,72060000000000,4.21e+16,27.115123,1.21230894,25.6886524,87.067673
0.04006,0.978,0.07235,72100000000000,4.206e+16,27.1147151,1.21227754,25.6886528,87.0686172
0.04006,0.978,0.07235,72100000000000,4.21e+16,27.1148731,1.21229537,25.6886442,87.0678728
0.04011,0.979,0.07236,72110000000000,4.211e+16,27.1166651,1.21227365,25.6902892,87.0696117
0.04011,0.979,0.07236,72110000000000,4.215e+16,27.1168229,1.21229146,25.6902805,87.0688679
0.04011,0.979,0.07236,72150000000000,4.211e+16,27.1164152,1.21226009,25.6902809,87.0698111
0.04011,0.979,0.07236,72150000000000,4.215e+16,27.1165729,1.21227791,25.6902722,87.069067
0.04011,0.9801,0.07236,72110000000000,4.211e+16,27.1180593,1.2122472,25.6920921,87.0698777
0.04011,0.9801,0.07236,72110000000000,4.215e+16,27.1182171,1.21226502,25.6920834,87.0691337
0.04011,0.9801,0.07236,72150000000000,4.211e+16,27.1178092,1.21223364,25.6920838,87.0700764
0.04011,0.9801,0.07236,72150000000000,4.215e+16,27.1179672,1.21225146,25.6920751,87.0693331
0.04015,0.979,0.07236,72110000000000,4.211e+16,27.1168314,1.21227408,25.6902929,87.0701018
0.04015,0.979,0.07236,72110000000000,4.215e+16,27.1169897,1.2122919,25.690284,87.0693607
0.04015,0.979,0.07236,72150000000000,4.211e+16,27.1165813,1.21226052,25.6902846,87.0703007
0.04015,0.979,0.07236,72150000000000,4.215e+16,27.1167397,1.21227834,25.6902757,87.0695599
0.04015,0.9801,0.07236,72110000000000,4.211e+16,27.1183309,1.21224932,25.6920958,87.0705847
0.04015,0.9801,0.07236,72110000000000,4.215e+16,27.118489,1.21226714,25.6920872,87.0698414
0.04015,0.9801,0.07236,72150000000000,4.211e+16,27.1180808,1.21223576,25.6920875,87.0707835
0.04015,0.9801,0.07236,72150000000000,4.215e+16,27.1182391,1.21225359,25.6920789,87.0700409
0.04016,0.981,0.07241,72160000000000,4.216e+16,27.1195058,1.21223243,25.6935464,87.0706545
0.04016,0.981,0.07241,72160000000000,4.22e+16,27.1196636,1.21225023,25.6935378,87.0699113
0.04016,0.981,0.07241,72200000000000,4.216e+16,27.1192557,1.21221888,25.6935381,87.0708526
0.04016,0.981,0.07241,72200000000000,4.22e+16,27.1194137,1.21223669,25.6935294,87.0701101
0.04016,0.982,0.07241,72160000000000,4.216e+16,27.1208586,1.21220752,25.6951759,87.0712644
0.04016,0.982,0.07241,72160000000000,4.22e+16,27.1210167,1.21222533,25.6951673,87.0705222
0.04016,0.982,0.07241,72200000000000,4.216e+16,27.1206086,1.21219398,25.6951676,87.0714629
0.04016,0.982,0.07241,72200000000000,4.22e+16,27.1207666,1.21221179,25.6951589,87.0707202
0.04021,0.983,0.07246,72210000000000,4.221e+16,27.1224293,1.21219114,25.6967817,87.0720425
0.04021,0.983,0.07246,72210000000000,4.225e+16,27.1225872,1.21220894,25.696773,87.0713007
0.04021,0.983,0.07246,72250000000000,4.221e+16,27.1221794,1.21217761,25.6967733,87.0722404
0.04021,0.983,0.07246,72250000000000,4.225e+16,27.1223373,1.21219541,25.6967647,87.0714986
0.04021,0.984,0.07246,72210000000000,4.221e+16,27.1237706,1.21216716,25.6984013,87.0725832
0.04021,0.984,0.07246,72210000000000,4.225e+16,27.1239288,1.21218496,25.6983926,87.0718419
0.04021,0.984,0.07246,72250000000000,4.221e+16,27.1235204,1.21215363,25.6983929,87.0727803
0.04021,0.984,0.07246,72250000000000,4.225e+16,27.1236787,1.21217143,25.6983842,87.0720395
0.04026,0.985,0.07251,72260000000000,4.226e+16,27.1253266,1.21214913,25.6999993,87.0734592
0.04026,0.985,0.07251,72260000000000,4.23e+16,27.1254847,1.21216691,25.6999906,87.0727188
0.04026,0.985,0.07251,72300000000000,4.226e+16,27.1250765,1.21213561,25.6999909,87.0736558
0.04026,0.985,0.07251,72300000000000,4.23e+16,27.1252347,1.21215339,25.6999822,87.0729158
0.04026,0.985,0.07255,72260000000000,4.226e+16,27.1253281,1.21215239,25.6999993,87.0732299
0.04026,0.985,0.07255,72260000000000,4.23e+16,27.1254862,1.21217017,25.6999906,87.0724895
0.04026,0.985,0.07255,72300000000000,4.226e+16,27.1250779,1.21213887,25.6999909,87.0734266
0.04026,0.985,0.07255,72300000000000,4.23e+16,27.1252362,1.21215665,25.6999822,87.0726866
0.04026,0.986,0.07251,72260000000000,4.226e+16,27.1266592,1.21212537,25.701609,87.07399
0.04026,0.986,0.07251,72260000000000,4.23e+16,27.1268174,1.21214315,25.7016004,87.0732496
0.04026,0.986,0.07251,72300000000000,4.226e+16,27.1264091,1.21211185,25.7016006,87.0741866
0.04026,0.986,0.07251,72300000000000,4.23e+16,27.1265674,1.21212963,25.7015919,87.0734467
0.04026,0.986,0.07255,72260000000000,4.226e+16,27.1266592,1.21212657,25.701609,87.0739034
0.04026,0.986,0.07255,72260000000000,4.23e+16,27.1268174,1.21214435,25.7016004,87.0731631
0.04026,0.986,0.07255,72300000000000,4.226e+16,27.1264091,1.21211305,25.7016006,87.0741002
0.04026,0.986,0.07255,72300000000000,4.23e+16,27.1265674,1.21213084,25.7015919,87.0733602
0.04031,0.987,0.07256,72310000000000,4.231e+16,27.1282884,1.21210831,25.7031972,87.0750647
0.04031,0.987,0.07256,72310000000000,4.235e+16,27.1284465,1.21212608,25.7032059,87.0742661
0.04031,0.987,0.07256,72350000000000,4.231e+16,27.1280383,1.2120948,25.7031887,87.0752608
0.04031,0.987,0.07256,72350000000000,4.235e+16,27.1281966,1.21211257,25.7031975,87.0744627
0.04031,0.988,0.07256,72310000000000,4.231e+16,27.1296112,1.21208567,25.7048146,87.0754575
0.04031,0.988,0.07256,72310000000000,4.235e+16,27.1297696,1.21210344,25.7048059,87.0747187
0.04031,0.988,0.07256,72350000000000,4.231e+16,27.1293608,1.21207216,25.7048062,87.0756529
0.04031,0.988,0.07256,72350000000000,4.235e+16,27.1295195,1.21208993,25.7047975,87.0749147
0.04036,0.989,0.07261,72360000000000,4.236e+16,27.1310592,1.21206913,25.7063929,87.0759465
0.04036,0.989,0.07261,72360000000000,4.24e+16,27.1312176,1.21208689,25.7063842,87.0752087
0.04036,0.989,0.07261,72400000000000,4.236e+16,27.1308092,1.21205563,25.7063845,87.0761423
0.04036,0.989,0.07261,72400000000000,4.24e+16,27.1309675,1.21207339,25.7063758,87.0754041
0.04036,0.989,0.07265,72360000000000,4.236e+16,27.1310592,1.21206718,25.7063929,87.0760863
0.04036,0.989,0.07265,72360000000000,4.24e+16,27.1312176,1.21208494,25.7063842,87.0753485
0.04036,0.989,0.07265,72400000000000,4.236e+16,27.1308092,1.21205369,25.7063845,87.076282
0.04036,0.989,0.07265,72400000000000,4.24e+16,27.1309675,1.21207145,25.7063758,87.0755439
0.04036,0.99,0.07261,72360000000000,4.236e+16,27.1324786,1.21204559,25.7079832,87.0768066
0.04036,0.99,0.07261,72360000000000,4.24e+16,27.132637,1.21206335,25.7079745,87.0760685
0.04036,0.99,0.07261,72400000000000,4.236e+16,27.1322283,1.21203209,25.7079748,87.0770017
0.04036,0.99,0.07261,72400000000000,4.24e+16,27.132387,1.21204985,25.707966,87.0762643
0.04036,0.99,0.07265,72360000000000,4.236e+16,27.1323719,1.21204456,25.7079832,87.0765382
0.04036,0.99,0.07265,72360000000000,4.24e+16,27.1325303,1.21206232,25.7079745,87.0758002
0.04036,0.99,0.07265,72400000000000,4.236e+16,27.1321217,1.21203106,25.7079748,87.0767332
0.04036,0.99,0.07265,72400000000000,4.24e+16,27.1322803,1.21204882,25.707966,87.0759958
0.04041,0.991,0.07266,72410000000000,4.241e+16,27.1338889,1.21202957,25.7095518,87.0771702
0.04041,0.991,0.07266,72410000000000,4.245e+16,27.1340473,1.21204732,25.7095431,87.0764331
0.04041,0.991,0.07266,72450000000000,4.241e+16,27.1336387,1.21201609,25.7095433,87.0773647
0.04041,0.991,0.07266,72450000000000,4.245e+16,27.1337974,1.21203384,25.7095346,87.0766283
0.04041,0.992,0.07266,72410000000000,4.241e+16,27.1353459,1.21200399,25.7111325,87.0783301
0.04041,0.992,0.07266,72410000000000,4.245e+16,27.1355046,1.21202174,25.7111237,87.0775939
0.04041,0.992,0.07266,72450000000000,4.241e+16,27.1350957,1.21199051,25.711124,87.0785244
0.04041,0.992,0.07266,72450000000000,4.245e+16,27.1352544,1.21200826,25.7111152,87.0777882
0.04046,0.993,0.07271,72460000000000,4.246e+16,27.1366958,1.21198698,25.7126914,87.0786047
0.04046,0.993,0.07271,72460000000000,4.25e+16,27.1368543,1.21200472,25.7126826,87.0778687
0.04046,0.993,0.07271,72500000000000,4.246e+16,27.1364458,1.21197351,25.7126828,87.0787988
0.04046,0.993,0.07271,72500000000000,4.25e+16,27.1366043,1.21199125,25.7126741,87.0780631
0.04046,0.993,0.07275,72460000000000,4.246e+16,27.1366958,1.21198705,25.7126914,87.0786
0.04046,0.993,0.07275,72460000000000,4.25e+16,27.1368543,1.21200478,25.7126826,87.0778641
0.04046,0.993,0.07275,72500000000000,4.246e+16,27.1364458,1.21197358,25.7126828,87.0787942
0.04046,0.993,0.07275,72500000000000,4.25e+16,27.1366043,1.21199131,25.7126741,87.0780584
0.04046,0.994,0.07271,72460000000000,4.246e+16,27.1380793,1.21196344,25.7142625,87.0794146
0.04046,0.994,0.07271,72460000000000,4.25e+16,27.138238,1.21198118,25.7142537,87.0786792
0.04046,0.994,0.07271,72500000000000,4.246e+16,27.1378289,1.21194998,25.7142539,87.0796079
0.04046,0.994,0.07271,72500000000000,4.25e+16,27.1379879,1.21196772,25.7142451,87.0788732
0.04046,0.994,0.07275,72460000000000,4.246e+16,27.1381815,1.21196367,25.7142625,87.0797263
0.04046,0.994,0.07275,72460000000000,4.25e+16,27.1383402,1.21198141,25.7142537,87.0789909
0.04046,0.994,0.07275,72500000000000,4.246e+16,27.1379312,1.2119502,25.7142539,87.0799197
0.04046,0.994,0.07275,72500000000000,4.25e+16,27.1380901,1.21196794,25.7142451,87.0791849
0.04051,0.995,0.07276,72510000000000,4.251e+16,27.1394802,1.21194532,25.7158101,87.0799714
0.04051,0.995,0.07276,72510000000000,4.252e+16,27.13952,1.21194975,25.7158079,87.079788
0.04051,0.995,0.07276,72520000000000,4.251e+16,27.1394176,1.21194195,25.7158079,87.0800197
0.04051,0.995,0.07276,72520000000000,4.252e+16,27.1394574,1.21194638,25.7158057,87.0798362
0.04051,0.996,0.07276,72510000000000,4.251e+16,27.1408759,1.21192381,25.7173717,87.0807073
0.04051,0.996,0.07276,72510000000000,4.252e+16,27.1409156,1.21192824,25.7173695,87.0805237
0.04051,0.996,0.07276,72520000000000,4.251e+16,27.1408134,1.21192044,25.7173695,87.0807556
0.04051,0.996,0.07276,72520000000000,4.252e+16,27.1408531,1.21192488,25.7173673,87.0805721
0.04053,0.997,0.07278,72530000000000,4.253e+16,27.1422139,1.2119025,25.7189217,87.0812825
0.04053,0.997,0.07278,72530000000000,4.254e+16,27.1422537,1.21190694,25.7189195,87.0810992
0.04053,0.997,0.07278,72540000000000,4.253e+16,27.1421513,1.21189914,25.7189195,87.0813307
0.04053,0.997,0.07278,72540000000000,4.254e+16,27.1421911,1.21190357,25.7189173,87.0811474
0.04053,0.998,0.07278,72530000000000,4.253e+16,27.143484,1.21188088,25.7204738,87.0816558
0.04053,0.998,0.07278,72530000000000,4.254e+16,27.1435238,1.21188531,25.7204716,87.0814726
0.04053,0.998,0.07278,72540000000000,4.253e+16,27.1434213,1.21187752,25.7204717,87.0817038
0.04053,0.998,0.07278,72540000000000,4.254e+16,27.1434612,1.21188195,25.7204695,87.0815207
0.04055,0.999,0.0728,72550000000000,4.255e+16,27.144922,1.21185787,25.7220144,87.0827071
0.04055,0.999,0.0728,72550000000000,4.256e+16,27.1449619,1.2118623,25.7220122,87.082524
0.04055,0.999,0.0728,72560000000000,4.255e+16,27.1448594,1.21185451,25.7220123,87.0827552
0.04055,0.999,0.0728,72560000000000,4.256e+16,27.1448993,1.21185894,25.7220101,87.082572
0.04055,1.0,0.0728,72550000000000,4.255e+16,27.1462106,1.21183385,25.7235572,87.0833434
0.04055,1.0,0.0728,72550000000000,4.256e+16,27.1462505,1.21183828,25.723555,87.0831605
0.04055,1.0,0.0728,72560000000000,4.255e+16,27.1461479,1.21183049,25.7235551,87.0833913
0.04055,1.0,0.0728,72560000000000,4.256e+16,27.1461879,1.21183492,25.7235529,87.0832084
0.04057,1.0,0.07282,72570000000000,4.257e+16,27.146266,1.21183607,25.7235503,87.0833852
0.04057,1.0,0.07282,72570000000000,4.258e+16,27.1463059,1.2118405,25.7235481,87.0832023
0.04057,1.0,0.07282,72580000000000,4.257e+16,27.1462034,1.21183271,25.7235482,87.083433
0.04057,1.0,0.07282,72580000000000,4.258e+16,27.1462433,1.21183714,25.723546,87.0832502
0.04057,1.001,0.07282,72570000000000,4.257e+16,27.1474609,1.21181406,25.7250885,87.0835929
0.04057,1.001,0.07282,72570000000000,4.258e+16,27.1475008,1.21181849,25.7250863,87.0834102
0.04057,1.001,0.07282,72580000000000,4.257e+16,27.1473983,1.2118107,25.7250863,87.0836409
0.04057,1.001,0.07282,72580000000000,4.258e+16,27.1474381,1.21181513,25.7250841,87.0834579
0.04059,1.002,0.07284,72590000000000,4.259e+16,27.1486802,1.2117922,25.7266151,87.0839075
0.04059,1.002,0.07284,72590000000000,4.26e+16,27.1487202,1.21179663,25.7266129,87.0837247
0.04059,1.002,0.07284,72600000000000,4.259e+16,27.1486176,1.21178884,25.7266129,87.0839553
0.04059,1.002,0.07284,72600000000000,4.26e+16,27.1486575,1.21179327,25.7266107,87.0837725
0.04059,1.003,0.07284,72590000000000,4.259e+16,27.1499055,1.21176874,25.728144,87.0843488
0.04059,1.003,0.07284,72590000000000,4.26e+16,27.1500142,1.21177317,25.7281418,87.0843866
0.04059,1.003,0.07284,72600000000000,4.259e+16,27.1498428,1.21176538,25.7281418,87.0843964
0.04059,1.003,0.07284,72600000000000,4.26e+16,27.1499515,1.21176981,25.7281396,87.0844342
0.04061,1.004,0.07286,72610000000000,4.261e+16,27.1513222,1.21174921,25.7296613,87.0851602
0.04061,1.004,0.07286,72610000000000,4.262e+16,27.1513623,1.21175364,25.7296591,87.0849777
0.04061,1.004,0.07286,72620000000000,4.261e+16,27.1512596,1.21174586,25.7296592,87.0852079
0.04061,1.004,0.07286,72620000000000,4.262e+16,27.1512996,1.21175029,25.7296569,87.0850254
0.04061,1.005,0.07286,72610000000000,4.261e+16,27.1525379,1.21172658,25.7311811,87.0855424
0.04061,1.005,0.07286,72610000000000,4.262e+16,27.152578,1.21173101,25.7311788,87.0853601
0.04061,1.005,0.07286,72620000000000,4.261e+16,27.1524752,1.21172322,25.7311789,87.08559
0.04061,1.005,0.07286,72620000000000,4.262e+16,27.1525153,1.21172765,25.7311766,87.0854076
0.04063,1.006,0.07288,72630000000000,4.263e+16,27.1538692,1.21170512,25.7326892,87.0862504
0.04063,1.006,0.07288,72630000000000,4.264e+16,27.1539093,1.21170955,25.732687,87.0860683
0.04063,1.006,0.07288,72640000000000,4.263e+16,27.1538065,1.21170176,25.732687,87.0862978
0.04063,1.006,0.07288,72640000000000,4.264e+16,27.1538466,1.21170619,25.7326848,87.0861157
0.04063,1.007,0.07288,72630000000000,4.263e+16,27.155107,1.21168112,25.7341998,87.0868323
0.04063,1.007,0.07288,72630000000000,4.264e+16,27.1551471,1.21168555,25.7341976,87.0866501
0.04063,1.007,0.07288,72640000000000,4.263e+16,27.1550442,1.21167777,25.7341976,87.0868798
0.04063,1.007,0.07288,72640000000000,4.264e+16,27.1550844,1.2116822,25.7341954,87.0866976
0.04065,1.008,0.0729,72650000000000,4.265e+16,27.1564108,1.21166129,25.7356989,87.0873666
0.04065,1.008,0.0729,72650000000000,4.266e+16,27.1564509,1.21166572,25.7356966,87.0871846
0.04065,1.008,0.0729,72660000000000,4.265e+16,27.156348,1.21165793,25.7356967,87.0874139
0.04065,1.008,0.0729,72660000000000,4.266e+16,27.1563882,1.21166236,25.7356944,87.0872319
0.04065,1.009,0.0729,72650000000000,4.265e+16,27.1577481,1.21163796,25.7372004,87.0882509
0.04065,1.009,0.0729,72650000000000,4.266e+16,27.1577883,1.21164239,25.7371982,87.0880692
0.04065,1.009,0.0729,72660000000000,4.265e+16,27.1576853,1.2116346,25.7371982,87.088298
0.04065,1.009,0.0729,72660000000000,4.266e+16,27.1577255,1.21163903,25.737196,87.0881163
0.04066,1.008,0.0729,72650000000000,4.265e+16,27.1565581,1.21166076,25.7356998,87.0878739
0.04066,1.008,0.0729,72650000000000,4.266e+16,27.1565982,1.21166519,25.7356975,87.087692
0.04066,1.008,0.0729,72660000000000,4.265e+16,27.1564953,1.2116574,25.7356976,87.0879211
0.04066,1.008,0.0729,72660000000000,4.266e+16,27.1565355,1.21166183,25.7356953,87.0877393
0.04066,1.009,0.0729,72650000000000,4.265e+16,27.1578099,1.21163864,25.7372013,87.0883969
0.04066,1.009,0.0729,72650000000000,4.266e+16,27.1578502,1.21164307,25.7371991,87.0882152
0.04066,1.009,0.0729,72660000000000,4.265e+16,27.1577471,1.21163529,25.7371991,87.088444
0.04066,1.009,0.0729,72660000000000,4.266e+16,27.1577874,1.21163972,25.7371969,87.0882623
0.04067,1.01,0.07292,72670000000000,4.267e+16,27.1589475,1.21161771,25.7386904,87.0885103
0.04067,1.01,0.07292,72670000000000,4.268e+16,27.1589877,1.21162214,25.7386882,87.0883285
0.04067,1.01,0.07292,72680000000000,4.267e+16,27.1588847,1.21161436,25.7386882,87.0885575
0.04067,1.01,0.07292,72680000000000,4.268e+16,27.1589249,1.21161879,25.738686,87.0883757
0.04067,1.011,0.07292,72670000000000,4.267e+16,27.1602426,1.21159445,25.740183,87.089285
0.04067,1.011,0.07292,72670000000000,4.268e+16,27.1602828,1.21159888,25.7401807,87.0891034
0.04067,1.011,0.07292,72680000000000,4.267e+16,27.1601798,1.2115911,25.7401807,87.0893321
0.04067,1.011,0.07292,72680000000000,4.268e+16,27.16022,1.21159553,25.7401785,87.0891504
0.04069,1.012,0.07294,72690000000000,4.269e+16,27.1614443,1.21157418,25.7416639,87.0895854
0.04069,1.012,0.07294,72690000000000,4.27e+16,27.1614847,1.2115786,25.7416617,87.089404
0.04069,1.012,0.07294,72700000000000,4.269e+16,27.1613815,1.21157082,25.7416617,87.0896322
0.04069,1.012,0.07294,72700000000000,4.27e+16,27.1614218,1.21157525,25.7416595,87.0894509
0.04069,1.012,0.07295,72690000000000,4.269e+16,27.1614232,1.21157381,25.7416639,87.0895442
0.04069,1.012,0.07295,72690000000000,4.27e+16,27.1614636,1.21157823,25.7416617,87.0893629
0.04069,1.012,0.07295,72700000000000,4.269e+16,27.1613605,1.21157046,25.7416617,87.0895914
0.04069,1.012,0.07295,72700000000000,4.27e+16,27.1614007,1.21157488,25.7416595,87.0894098
0.04069,1.013,0.07294,72690000000000,4.269e+16,27.162602,1.21155016,25.7431476,87.0900042
0.04069,1.013,0.07294,72690000000000,4.27e+16,27.1626423,1.21155459,25.7431453,87.0898227
0.04069,1.013,0.07294,72700000000000,4.269e+16,27.1625392,1.21154681,25.7431454,87.0900511
0.04069,1.013,0.07294,72700000000000,4.27e+16,27.1625795,1.21155124,25.7431431,87.0898697
0.04069,1.013,0.07295,72690000000000,4.269e+16,27.1627434,1.21155091,25.7431476,87.0904035
0.04069,1.013,0.07295,72690000000000,4.27e+16,27.1627837,1.21155534,25.7431453,87.0902221
0.04069,1.013,0.07295,72700000000000,4.269e+16,27.1626806,1.21154756,25.7431454,87.0904505
0.04069,1.013,0.07295,72700000000000,4.27e+16,27.1627209,1.21155199,25.7431431,87.0902691
0.04071,1.014,0.07296,72710000000000,4.271e+16,27.1640399,1.21152986,25.7446196,87.0910934
0.04071,1.014,0.07296,72710000000000,4.272e+16,27.1640803,1.21153429,25.7446174,87.0909122
0.04071,1.014,0.07296,72720000000000,4.271e+16,27.163977,1.21152651,25.7446174,87.0911402
0.04071,1.014,0.07296,72720000000000,4.272e+16,27.1640174,1.21153094,25.7446152,87.090959
0.04071,1.015,0.07296,72710000000000,4.271e+16,27.1651162,1.21150849,25.7460944,87.0910921
0.04071,1.015,0.07296,72710000000000,4.272e+16,27.1651566,1.21151292,25.7460921,87.0909107
0.04071,1.015,0.07296,72720000000000,4.271e+16,27.1650534,1.21150514,25.7460922,87.091139
0.04071,1.015,0.07296,72720000000000,4.272e+16,27.1650938,1.21150957,25.7460899,87.0909577
0.04073,1.016,0.07298,72730000000000,4.273e+16,27.1664788,1.21148689,25.7475576,87.0920637
0.04073,1.016,0.07298,72730000000000,4.274e+16,27.1665192,1.21149131,25.7475553,87.0918827
0.04073,1.016,0.07298,72740000000000,4.273e+16,27.1664159,1.21148354,25.7475554,87.0921104
0.04073,1.016,0.07298,72740000000000,4.274e+16,27.1664564,1.21148797,25.7475531,87.0919294
0.04073,1.017,0.07298,72730000000000,4.273e+16,27.1675668,1.21146405,25.7490236,87.0922347
0.04073,1.017,0.07298,72730000000000,4.274e+16,27.1676073,1.21146848,25.7490288,87.0920286
0.04073,1.017,0.07298,72740000000000,4.273e+16,27.1675038,1.2114607,25.7490213,87.0922812
0.04073,1.017,0.07298,72740000000000,4.274e+16,27.1675443,1.21146513,25.7490265,87.0920751
0.04075,1.018,0.073,72750000000000,4.275e+16,27.1688022,1.21144295,25.7504854,87.0927676
0.04075,1.018,0.073,72750000000000,4.276e+16,27.1688426,1.21144737,25.7504832,87.0925867
0.04075,1.018,0.073,72760000000000,4.275e+16,27.1687393,1.2114396,25.7504832,87.0928143
0.04075,1.018,0.073,72760000000000,4.276e+16,27.1687797,1.21144403,25.7504809,87.0926334
0.04075,1.019,0.073,72750000000000,4.275e+16,27.1699776,1.21142082,25.7519427,87.0931977
0.04075,1.019,0.073,72750000000000,4.276e+16,27.1700182,1.21142525,25.7519404,87.0930171
0.04075,1.019,0.073,72760000000000,4.275e+16,27.1699147,1.21141748,25.7519404,87.0932442
0.04075,1.019,0.073,72760000000000,4.276e+16,27.1699552,1.2114219,25.7519382,87.0930635
0.04077,1.02,0.07302,72770000000000,4.277e+16,27.1712244,1.21140066,25.7533883,87.0937548
0.04077,1.02,0.07302,72770000000000,4.278e+16,27.171265,1.21140508,25.7533861,87.0935745
0.04077,1.02,0.07302,72780000000000,4.277e+16,27.1711614,1.21139731,25.7533861,87.0938012
0.04077,1.02,0.07302,72780000000000,4.278e+16,27.171202,1.21140174,25.7533838,87.0936207
0.04077,1.021,0.07302,72770000000000,4.277e+16,27.1723841,1.21137761,25.7548369,87.0942308
0.04077,1.021,0.07302,72770000000000,4.278e+16,27.1724247,1.21138203,25.7548346,87.0940502
0.04077,1.021,0.07302,72780000000000,4.277e+16,27.1723212,1.21137426,25.7548346,87.0942772
0.04077,1.021,0.07302,72780000000000,4.278e+16,27.1723618,1.21137869,25.7548324,87.0940966
0.04079,1.022,0.07304,72790000000000,4.279e+16,27.1736289,1.21135749,25.7562739,87.0948071
0.04079,1.022,0.07304,72790000000000,4.28e+16,27.1736695,1.21136192,25.7562716,87.0946268
0.04079,1.022,0.07304,72800000000000,4.279e+16,27.1735659,1.21135415,25.7562716,87.0948533
0.04079,1.022,0.07304,72800000000000,4.28e+16,27.1736065,1.21135857,25.7562693,87.094673
0.04079,1.023,0.07304,72790000000000,4.279e+16,27.1749068,1.21133491,25.7577138,87.0956575
0.04079,1.023,0.07304,72790000000000,4.28e+16,27.1749474,1.21133934,25.7577115,87.0954772
0.04079,1.023,0.07304,72800000000000,4.279e+16,27.1748438,1.21133157,25.7577115,87.0957037
0.04079,1.023,0.07304,72800000000000,4.28e+16,27.1748844,1.21133599,25.7577093,87.0955235
0.04081,1.024,0.07306,72810000000000,4.281e+16,27.1759898,1.21131423,25.7591422,87.095786
0.04081,1.024,0.07306,72810000000000,4.282e+16,27.1760305,1.21131866,25.7591399,87.0956058
0.04081,1.024,0.07306,72820000000000,4.281e+16,27.1759268,1.21131089,25.7591399,87.0958321
0.04081,1.024,0.07306,72820000000000,4.282e+16,27.1759675,1.21131531,25.7591376,87.095652
0.04081,1.025,0.07306,72810000000000,4.281e+16,27.1771389,1.21129131,25.7605735,87.0962769
0.04081,1.025,0.07306,72810000000000,4.282e+16,27.1771796,1.21129574,25.7605712,87.096097
0.04081,1.025,0.07306,72820000000000,4.281e+16,27.1770758,1.21128797,25.7605713,87.0963229
0.04081,1.025,0.07306,72820000000000,4.282e+16,27.1771166,1.21129239,25.760569,87.096143
0.04083,1.026,0.07308,72830000000000,4.283e+16,27.1783836,1.21127134,25.7619933,87.096902
0.04083,1.026,0.07308,72830000000000,4.284e+16,27.1784243,1.21127576,25.761991,87.0967219
0.04083,1.026,0.07308,72840000000000,4.283e+16,27.1783206,1.211268,25.7619911,87.096948
0.04083,1.026,0.07308,72840000000000,4.284e+16,27.1783613,1.21127242,25.7619888,87.096768
0.04083,1.027,0.07308,72830000000000,4.283e+16,27.1795238,1.21124766,25.7634162,87.097448
0.04083,1.027,0.07308,72830000000000,4.284e+16,27.1795646,1.21125209,25.7634139,87.0972682
0.04083,1.027,0.07308,72840000000000,4.283e+16,27.1794608,1.21124432,25.7634139,87.0974938
0.04083,1.027,0.07308,72840000000000,4.284e+16,27.1795016,1.21124875,25.7634116,87.0973141
0.04085,1.028,0.0731,72850000000000,4.285e+16,27.1808552,1.21122882,25.7648275,87.0982985
0.04085,1.028,0.0731,72850000000000,4.286e+16,27.180896,1.21123324,25.7648252,87.0981189
0.04085,1.028,0.0731,72860000000000,4.285e+16,27.1807921,1.21122548,25.7648252,87.0983442
0.04085,1.028,0.0731,72860000000000,4.286e+16,27.180833,1.2112299,25.7648229,87.0981647
0.04085,1.029,0.0731,72850000000000,4.285e+16,27.1818869,1.21120477,25.7662419,87.0985523
0.04085,1.029,0.0731,72850000000000,4.286e+16,27.1819278,1.21120919,25.7662396,87.0983727
0.04085,1.029,0.0731,72860000000000,4.285e+16,27.1818239,1.21120143,25.7662396,87.0985981
0.04085,1.029,0.0731,72860000000000,4.286e+16,27.1818647,1.21120586,25.7662373,87.0984185
0.04086,1.028,0.0731,72850000000000,4.285e+16,27.1807929,1.21122855,25.7648284,87.0981152
0.04086,1.028,0.0731,72850000000000,4.286e+16,27.1808337,1.21123297,25.7648261,87.0979356
0.04086,1.028,0.0731,72860000000000,4.285e+16,27.1807298,1.21122521,25.7648261,87.0981609
0.04086,1.028,0.0731,72860000000000,4.286e+16,27.1807707,1.21122963,25.7648238,87.0979814
0.04086,1.029,0.0731,72850000000000,4.285e+16,27.1820673,1.21120524,25.7662428,87.0990936
0.04086,1.029,0.0731,72850000000000,4.286e+16,27.1821081,1.21120966,25.7662405,87.098914
0.04086,1.029,0.0731,72860000000000,4.285e+16,27.1820043,1.2112019,25.7662405,87.0991394
0.04086,1.029,0.0731,72860000000000,4.286e+16,27.1820451,1.21120632,25.7662382,87.0989598
0.04087,1.03,0.07312,72870000000000,4.287e+16,27.1830409,1.21118549,25.7676448,87.0988941
0.04087,1.03,0.07312,72870000000000,4.288e+16,27.1830818,1.21118992,25.7676425,87.0987147
0.04087,1.03,0.07312,72880000000000,4.287e+16,27.1829778,1.21118215,25.7676425,87.0989397
0.04087,1.03,0.07312,72880000000000,4.288e+16,27.1830187,1.21118658,25.7676402,87.0987604
0.04087,1.031,0.07312,72870000000000,4.287e+16,27.184333,1.21116321,25.7690508,87.0998836
0.04087,1.031,0.07312,72870000000000,4.288e+16,27.1843739,1.21116764,25.7690485,87.0997043
0.04087,1.031,0.07312,72880000000000,4.287e+16,27.1842698,1.21115988,25.7690485,87.099929
0.04087,1.031,0.07312,72880000000000,4.288e+16,27.1843108,1.2111643,25.7690462,87.0997499
0.04089,1.032,0.07314,72890000000000,4.289e+16,27.1855039,1.21114277,25.7704453,87.1003921
0.04089,1.032,0.07314,72890000000000,4.295e+16,27.1857489,1.2111693,25.7704315,87.0993159
0.04089,1.032,0.07314,72950000000000,4.289e+16,27.1851253,1.21112276,25.7704315,87.1006651
0.04089,1.032,0.07314,72950000000000,4.295e+16,27.1853705,1.21114928,25.7704177,87.0995896
0.04089,1.032,0.0732,72890000000000,4.289e+16,27.1855039,1.21114384,25.7704453,87.1003151
0.04089,1.032,0.0732,72890000000000,4.295e+16,27.1857489,1.21117037,25.7704315,87.0992389
0.04089,1.032,0.0732,72950000000000,4.289e+16,27.1851253,1.21112383,25.7704315,87.1005881
0.04089,1.032,0.0732,72950000000000,4.295e+16,27.1853705,1.21115035,25.7704177,87.0995126
0.04089,1.033,0.07314,72890000000000,4.289e+16,27.1864964,1.2111202,25.771843,87.1004714
0.04089,1.033,0.07314,72890000000000,4.295e+16,27.1867416,1.21114673,25.7718292,87.0993959
0.04089,1.033,0.07314,72950000000000,4.289e+16,27.1861174,1.21110018,25.7718291,87.1007436
0.04089,1.033,0.07314,72950000000000,4.295e+16,27.186363,1.21112671,25.7718153,87.0996691
0.04089,1.033,0.0732,72890000000000,4.289e+16,27.1864708,1.21111911,25.771843,87.1004676
0.04089,1.033,0.0732,72890000000000,4.295e+16,27.186716,1.21114564,25.7718292,87.0993921
0.04089,1.033,0.0732,72950000000000,4.289e+16,27.1860918,1.2110991,25.7718291,87.1007396
0.04089,1.033,0.0732,72950000000000,4.295e+16,27.1863375,1.21112563,25.7718153,87.0996653
0.04095,1.032,0.07314,72890000000000,4.289e+16,27.1857529,1.21114299,25.7704507,87.101156
0.04095,1.032,0.07314,72890000000000,4.295e+16,27.1859986,1.21116951,25.7704369,87.1000823
0.04095,1.032,0.07314,72950000000000,4.289e+16,27.1853742,1.21112297,25.7704369,87.1014289
0.04095,1.032,0.07314,72950000000000,4.295e+16,27.1856199,1.2111495,25.7704231,87.1003549
0.04095,1.032,0.0732,72890000000000,4.289e+16,27.1857057,1.21114279,25.7704507,87.1010188
0.04095,1.032,0.0732,72890000000000,4.295e+16,27.1859513,1.21116932,25.7704369,87.0999448
0.04095,1.032,0.0732,72950000000000,4.289e+16,27.185327,1.21112278,25.7704369,87.1012916
0.04095,1.032,0.0732,72950000000000,4.295e+16,27.1855726,1.21114931,25.7704231,87.1002175
0.04095,1.033,0.07314,72890000000000,4.289e+16,27.1868461,1.21112198,25.7718484,87.1014456
0.04095,1.033,0.07314,72890000000000,4.295e+16,27.1870918,1.21114851,25.7718346,87.1003715
0.04095,1.033,0.07314,72950000000000,4.289e+16,27.1864671,1.21110196,25.7718345,87.1017176
0.04095,1.033,0.07314,72950000000000,4.295e+16,27.1867133,1.21112849,25.7718207,87.1006449
0.04095,1.033,0.0732,72890000000000,4.289e+16,27.1868202,1.21112036,25.7718484,87.1014794
0.04095,1.033,0.0732,72890000000000,4.295e+16,27.1870659,1.21114688,25.7718346,87.1004054
0.04095,1.033,0.0732,72950000000000,4.289e+16,27.1864412,1.21110034,25.7718345,87.1017513
0.04095,1.033,0.0732,72950000000000,4.295e+16,27.1866874,1.21112687,25.7718207,87.1006785
0.035,0.8,6.7,72890000000000,4.289e+16,26.6947897,1.21681239,25.2927495,86.7374851
0.035,0.8,6.7,72890000000000,4.295e+16,26.6949025,1.21683798,25.2927926,86.7358797
0.035,0.8,6.7,72950000000000,4.289e+16,26.6944695,1.21679211,25.2927408,86.7379196
0.035,0.8,6.7,72950000000000,4.295e+16,26.6945827,1.2168177,25.2927839,86.7363154
0.035,0.8,0.06705,72890000000000,4.289e+16,26.694878,1.21681249,25.2927487,86.7377671
0.035,0.8,0.06705,72890000000000,4.295e+16,26.6949908,1.21683808,25.2927918,86.7361618
0.035,0.8,0.06705,72950000000000,4.289e+16,26.6945577,1.21679221,25.29274,86.7382017
0.035,0.8,0.06705,72950000000000,4.295e+16,26.6946709,1.2168178,25.2927832,86.7365976
0.035,0.801,6.7,72890000000000,4.289e+16,26.697639,1.2167828,25.2957161,86.738679
0.035,0.801,6.7,72890000000000,4.295e+16,26.6976951,1.21680832,25.2957065,86.7370747
0.035,0.801,6.7,72950000000000,4.289e+16,26.6973188,1.21676252,25.2957074,86.7391137
0.035,0.801,6.7,72950000000000,4.295e+16,26.6973749,1.21678805,25.2956978,86.7375094
0.035,0.801,0.06705,72890000000000,4.289e+16,26.6976558,1.21678397,25.2957153,86.7386528
0.035,0.801,0.06705,72890000000000,4.295e+16,26.6977119,1.21680949,25.2957057,86.7370483
0.035,0.801,0.06705,72950000000000,4.289e+16,26.6973356,1.21676369,25.2957066,86.7390877
0.035,0.801,0.06705,72950000000000,4.295e+16,26.6973918,1.21678922,25.295697,86.7374833
0.03506,0.802,0.06706,68000000000000,3.8e+16,26.7194103,1.21630188,25.2988587,86.8329488
0.03506,0.802,0.06706,68000000000000,3.805e+16,26.7195371,1.21632519,25.2988503,86.8317255
0.03506,0.802,0.06706,68050000000000,3.8e+16,26.7191121,1.21628349,25.298852,86.8333154
0.03506,0.802,0.06706,68050000000000,3.805e+16,26.7192393,1.2163068,25.2988436,86.8320931
0.03506,0.803,0.06706,68000000000000,3.8e+16,26.7219723,1.21627325,25.301753,86.8333844
0.03506,0.803,0.06706,68000000000000,3.805e+16,26.7220997,1.21629656,25.3017447,86.8321625
0.03506,0.803,0.06706,68050000000000,3.8e+16,26.7216742,1.21625487,25.3017463,86.8337512
0.03506,0.803,0.06706,68050000000000,3.805e+16,26.7218015,1.21627818,25.301738,86.8325291
0.03511,0.804,0.06711,68060000000000,3.806e+16,26.7254265,1.21625183,25.3046278,86.8362718
0.03511,0.804,0.06711,68060000000000,3.81e+16,26.725529,1.21627047,25.3046211,86.8352974
0.03511,0.804,0.06711,68100000000000,3.806e+16,26.7251879,1.21623714,25.3046224,86.836564
0.03511,0.804,0.06711,68100000000000,3.81e+16,26.7252905,1.21625578,25.3046157,86.8355896
0.03511,0.804,0.06715,68060000000000,3.806e+16,26.7254265,1.21625183,25.3046278,86.8362719
0.03511,0.804,0.06715,68060000000000,3.81e+16,26.725529,1.21627047,25.3046211,86.8352974
0.03511,0.804,0.06715,68100000000000,3.806e+16,26.7251879,1.21623714,25.3046224,86.8365641
0.03511,0.804,0.06715,68100000000000,3.81e+16,26.7252905,1.21625578,25.3046157,86.8355896
0.03511,0.805,0.06711,68060000000000,3.806e+16,26.7281918,1.21622314,25.3075025,86.8374406
0.03511,0.805,0.06711,68060000000000,3.81e+16,26.7282944,1.21624178,25.3074958,86.8364662
0.03511,0.805,0.06711,68100000000000,3.806e+16,26.727953,1.21620845,25.3074971,86.8377323
0.03511,0.805,0.06711,68100000000000,3.81e+16,26.7280559,1.21622709,25.3074904,86.8367585
0.03511,0.805,0.06715,68060000000000,3.806e+16,26.7280852,1.2162244,25.3075025,86.8370045
0.03511,0.805,0.06715,68060000000000,3.81e+16,26.7281878,1.21624304,25.3074958,86.83603
0.03511,0.805,0.06715,68100000000000,3.806e+16,26.7278465,1.21620971,25.3074971,86.8372964
0.03511,0.805,0.06715,68100000000000,3.81e+16,26.7279493,1.21622835,25.3074904,86.8363226
0.03515,0.804,0.06711,68060000000000,3.806e+16,26.7263162,1.21625529,25.3046344,86.8388934
0.03515,0.804,0.06711,68060000000000,3.81e+16,26.7264195,1.21627392,25.3046278,86.8379214
0.03515,0.804,0.06711,68100000000000,3.806e+16,26.7260774,1.21624059,25.304629,86.8391851
0.03515,0.804,0.06711,68100000000000,3.81e+16,26.7261809,1.21625923,25.3046224,86.8382137
0.03515,0.804,0.06715,68060000000000,3.806e+16,26.7262099,1.21625416,25.3046344,86.8386281
0.03515,0.804,0.06715,68060000000000,3.81e+16,26.7263132,1.2162728,25.3046278,86.8376561
0.03515,0.804,0.06715,68100000000000,3.806e+16,26.7259711,1.21623947,25.304629,86.8389196
0.03515,0.804,0.06715,68100000000000,3.81e+16,26.7260746,1.21625811,25.3046224,86.8379483
0.03515,0.805,0.06711,68060000000000,3.806e+16,26.7288682,1.21622673,25.3075091,86.8393595
0.03515,0.805,0.06711,68060000000000,3.81e+16,26.728972,1.21624537,25.3075024,86.8383886
0.03515,0.805,0.06711,68100000000000,3.806e+16,26.7286294,1.21621204,25.3075037,86.8396511
0.03515,0.805,0.06711,68100000000000,3.81e+16,26.7287331,1.21623068,25.307497,86.83868
0.03515,0.805,0.06715,68060000000000,3.806e+16,26.7288682,1.21622694,25.3075091,86.839344
0.03515,0.805,0.06715,68060000000000,3.81e+16,26.728972,1.21624559,25.3075024,86.8383731
0.03515,0.805,0.06715,68100000000000,3.806e+16,26.7286293,1.21621225,25.3075037,86.8396356
0.03515,0.805,0.06715,68100000000000,3.81e+16,26.7287331,1.21623089,25.307497,86.8386646
0.03516,0.806,0.06716,68110000000000,3.811e+16,26.7315424,1.21620366,25.3103605,86.8399106
0.03516,0.806,0.06716,68110000000000,3.815e+16,26.7316457,1.21622229,25.3103538,86.8389392
0.03516,0.806,0.06716,68150000000000,3.811e+16,26.7313036,1.21618898,25.310355,86.8402016
0.03516,0.806,0.06716,68150000000000,3.815e+16,26.7314071,1.21620761,25.3103483,86.8392308
0.03516,0.807,0.06716,68110000000000,3.811e+16,26.7341803,1.21617489,25.3132156,86.8407385
0.03516,0.807,0.06716,68110000000000,3.815e+16,26.7342841,1.21619352,25.3132089,86.8397682
0.03516,0.807,0.06716,68150000000000,3.811e+16,26.7339412,1.21616022,25.3132102,86.8410286
0.03516,0.807,0.06716,68150000000000,3.815e+16,26.7340452,1.21617885,25.3132035,86.8400589
0.03521,0.809,0.06721,68160000000000,3.816e+16,26.7403321,1.21612479,25.3188898,86.844833
0.03521,0.809,0.06721,68160000000000,3.82e+16,26.7404369,1.21614341,25.3188831,86.8438666
0.03521,0.809,0.06721,68200000000000,3.816e+16,26.7400931,1.21611013,25.3188843,86.8451224
0.03521,0.809,0.06721,68200000000000,3.82e+16,26.7401978,1.21612875,25.3188776,86.8441556
0.03521,0.81,0.06721,68160000000000,3.816e+16,26.7428315,1.216095,25.321716,86.8453835
0.03521,0.81,0.06721,68160000000000,3.82e+16,26.7429364,1.21611363,25.3217092,86.8444174
0.03521,0.81,0.06721,68200000000000,3.816e+16,26.7425921,1.21608034,25.3217105,86.845672
0.03521,0.81,0.06721,68200000000000,3.82e+16,26.7426973,1.21609897,25.3217038,86.8447064
0.03526,0.811,0.06726,68210000000000,3.821e+16,26.7462173,1.21607418,25.3245253,86.8482308
0.03526,0.811,0.06726,68210000000000,3.825e+16,26.7463229,1.21609279,25.3245186,86.8472675
0.03526,0.811,0.06726,68250000000000,3.821e+16,26.7459779,1.21605953,25.3245198,86.8485183
0.03526,0.811,0.06726,68250000000000,3.825e+16,26.7460837,1.21607814,25.3245131,86.8475557
0.03526,0.812,0.06726,68210000000000,3.821e+16,26.7488042,1.21604557,25.3273324,86.849047
0.03526,0.812,0.06726,68210000000000,3.825e+16,26.7489102,1.21606419,25.3273256,86.8480849
0.03526,0.812,0.06726,68250000000000,3.821e+16,26.7485648,1.21603093,25.3273269,86.8493346
0.03526,0.812,0.06726,68250000000000,3.825e+16,26.7486708,1.21604955,25.3273201,86.8483723
0.03531,0.813,0.06731,68260000000000,3.826e+16,26.7522813,1.21602494,25.3301225,86.8522426
0.03531,0.813,0.06731,68260000000000,3.83e+16,26.7523879,1.21604354,25.3301157,86.8512835
0.03531,0.813,0.06731,68300000000000,3.826e+16,26.7520417,1.21601031,25.330117,86.8525288
0.03531,0.813,0.06731,68300000000000,3.83e+16,26.7521485,1.21602891,25.3301102,86.8515699
0.03531,0.814,0.06731,68260000000000,3.826e+16,26.7548486,1.2159964,25.3329106,86.853056
0.03531,0.814,0.06731,68260000000000,3.83e+16,26.7549554,1.21601501,25.3329038,86.8520968
0.03531,0.814,0.06731,68300000000000,3.826e+16,26.754609,1.21598178,25.332905,86.853342
0.03531,0.814,0.06731,68300000000000,3.83e+16,26.754716,1.21600038,25.3328982,86.8523835
0.03535,0.813,0.06731,68260000000000,3.826e+16,26.7530176,1.21602877,25.3301289,86.8543378
0.03535,0.813,0.06731,68260000000000,3.83e+16,26.753125,1.21604737,25.3301221,86.8533809
0.03535,0.813,0.06731,68300000000000,3.826e+16,26.7527779,1.21601414,25.3301234,86.8546238
0.03535,0.813,0.06731,68300000000000,3.83e+16,26.7528855,1.21603274,25.3301166,86.8536675
0.03535,0.814,0.06731,68260000000000,3.826e+16,26.7555846,1.21600002,25.3329169,86.8551655
0.03535,0.814,0.06731,68260000000000,3.83e+16,26.7556924,1.21601862,25.3329101,86.8542096
0.03535,0.814,0.06731,68300000000000,3.826e+16,26.7553448,1.21598539,25.3329114,86.855451
0.03535,0.814,0.06731,68300000000000,3.83e+16,26.7554527,1.216004,25.3329046,86.8544954
0.03536,0.815,0.06736,68310000000000,3.831e+16,26.7580529,1.21597552,25.3356817,86.855449
0.03536,0.815,0.06736,68310000000000,3.832e+16,26.7580798,1.21598017,25.33568,86.8552101
0.03536,0.815,0.06736,68320000000000,3.831e+16,26.757993,1.21597186,25.3356803,86.8555204
0.03536,0.815,0.06736,68320000000000,3.832e+16,26.7580199,1.21597651,25.3356786,86.8552815
0.03536,0.816,0.06736,68310000000000,3.831e+16,26.7607223,1.2159472,25.3384509,86.8566434
0.03536,0.816,0.06736,68310000000000,3.832e+16,26.7607494,1.21595185,25.3384492,86.8564048
0.03536,0.816,0.06736,68320000000000,3.831e+16,26.7606624,1.21594354,25.3384495,86.8567146
0.03536,0.816,0.06736,68320000000000,3.832e+16,26.7606894,1.2159482,25.3384478,86.856476
0.03538,0.817,0.06738,68330000000000,3.833e+16,26.7634418,1.21592171,25.3412066,86.8578442
0.03538,0.817,0.06738,68330000000000,3.834e+16,26.763469,1.21592636,25.3412049,86.857606
0.03538,0.817,0.06738,68340000000000,3.833e+16,26.7633819,1.21591806,25.3412052,86.8579154
0.03538,0.817,0.06738,68340000000000,3.834e+16,26.763409,1.21592271,25.3412035,86.857677
0.03538,0.818,0.06738,68330000000000,3.833e+16,26.7660805,1.21589483,25.3439572,86.8589003
0.03538,0.818,0.06738,68330000000000,3.834e+16,26.7661077,1.21589949,25.3439555,86.858662
0.03538,0.818,0.06738,68340000000000,3.833e+16,26.7660205,1.21589118,25.3439558,86.8589713
0.03538,0.818,0.06738,68340000000000,3.834e+16,26.7660477,1.21589583,25.3439541,86.8587331
0.0354,0.819,0.0674,68350000000000,3.835e+16,26.7689017,1.21586977,25.3466954,86.8604614
0.0354,0.819,0.0674,68350000000000,3.836e+16,26.768929,1.21587442,25.3466937,86.8602236
0.0354,0.819,0.0674,68360000000000,3.835e+16,26.7688416,1.21586612,25.346694,86.8605322
0.0354,0.819,0.0674,68360000000000,3.836e+16,26.7688689,1.21587077,25.3466923,86.8602944
0.0354,0.82,0.0674,68350000000000,3.835e+16,26.7712979,1.21584128,25.3494275,86.8609093
0.0354,0.82,0.0674,68350000000000,3.836e+16,26.7713252,1.21584594,25.3494258,86.8606715
0.0354,0.82,0.0674,68360000000000,3.835e+16,26.7712378,1.21583763,25.3494261,86.86098
0.0354,0.82,0.0674,68360000000000,3.836e+16,26.7712651,1.21584228,25.3494244,86.8607423
0.03542,0.821,0.06742,68370000000000,3.837e+16,26.7742219,1.21581622,25.3521473,86.8628679
0.03542,0.821,0.06742,68370000000000,3.838e+16,26.7742494,1.21582087,25.3521455,86.8626305
0.03542,0.821,0.06742,68380000000000,3.837e+16,26.7741618,1.21581257,25.3521458,86.8629384
0.03542,0.821,0.06742,68380000000000,3.838e+16,26.7741893,1.21581722,25.3521441,86.8627012
0.03542,0.822,0.06742,68370000000000,3.837e+16,26.776586,1.21578621,25.354861,86.8633842
0.03542,0.822,0.06742,68370000000000,3.838e+16,26.7766136,1.21579086,25.3548593,86.8631471
0.03542,0.822,0.06742,68380000000000,3.837e+16,26.7765259,1.21578256,25.3548596,86.8634545
0.03542,0.822,0.06742,68380000000000,3.838e+16,26.7765534,1.21578721,25.3548579,86.8632175
0.03544,0.823,0.06744,68390000000000,3.839e+16,26.779365,1.21576243,25.3575624,86.8648433
0.03544,0.823,0.06744,68390000000000,3.84e+16,26.7793926,1.21576708,25.3575607,86.8646065
0.03544,0.823,0.06744,68400000000000,3.839e+16,26.7793049,1.21575878,25.357561,86.8649137
0.03544,0.823,0.06744,68400000000000,3.84e+16,26.7793325,1.21576343,25.3575593,86.8646769
0.03544,0.824,0.06744,68390000000000,3.839e+16,26.7818342,1.21573284,25.3602562,86.8657392
0.03544,0.824,0.06744,68390000000000,3.84e+16,26.7818619,1.21573749,25.3602545,86.8655026
0.03544,0.824,0.06744,68400000000000,3.839e+16,26.781774,1.21572919,25.3602548,86.8658094
0.03544,0.824,0.06744,68400000000000,3.84e+16,26.7818018,1.21573385,25.360253,86.8655728
0.03546,0.825,0.06746,68410000000000,3.841e+16,26.7846321,1.21570947,25.3629413,86.8672867
0.03546,0.825,0.06746,68410000000000,3.845e+16,26.7847431,1.21572807,25.3629343,86.8663415
0.03546,0.825,0.06746,68450000000000,3.841e+16,26.7843912,1.21569489,25.3629355,86.8675666
0.03546,0.825,0.06746,68450000000000,3.845e+16,26.7845024,1.21571349,25.3629286,86.866622
0.03546,0.83,0.06746,68410000000000,3.841e+16,26.7967722,1.21556743,25.3762389,86.8712684
0.03546,0.83,0.06746,68410000000000,3.845e+16,26.7968846,1.21558605,25.3762319,86.8703262
0.03546,0.83,0.06746,68450000000000,3.841e+16,26.7965308,1.21555286,25.3762331,86.8715471
0.03546,0.83,0.06746,68450000000000,3.845e+16,26.7966432,1.21557148,25.3762261,86.8706046
0.03551,0.831,0.06751,68460000000000,3.846e+16,26.8012873,1.21554876,25.3801085,86.8739925
0.03551,0.831,0.06751,68460000000000,3.85e+16,26.8014003,1.21556737,25.3801015,86.8730533
0.03551,0.831,0.06751,68500000000000,3.846e+16,26.8010458,1.2155342,25.3801027,86.8742702
0.03551,0.831,0.06751,68500000000000,3.85e+16,26.8011588,1.21555281,25.3800957,86.8733308
0.03551,0.831,0.06755,68460000000000,3.846e+16,26.801266,1.21554864,25.3801085,86.8739322
0.03551,0.831,0.06755,68460000000000,3.85e+16,26.801379,1.21556724,25.3801015,86.8729929
0.03551,0.831,0.06755,68500000000000,3.846e+16,26.8010246,1.21553408,25.3801027,86.8742099
0.03551,0.831,0.06755,68500000000000,3.85e+16,26.8011375,1.21555269,25.3800957,86.8732702
0.03551,0.835,0.06751,68460000000000,3.846e+16,26.8108203,1.21543821,25.3905642,86.8770076
0.03551,0.835,0.06751,68460000000000,3.85e+16,26.8109344,1.21545683,25.3905572,86.8760704
0.03551,0.835,0.06751,68500000000000,3.846e+16,26.8105781,1.21542365,25.3905583,86.8772833
0.03551,0.835,0.06751,68500000000000,3.85e+16,26.8106924,1.21544227,25.3905513,86.8763466
0.03551,0.835,0.06755,68460000000000,3.846e+16,26.810803,1.21543977,25.3905642,86.8768393
0.03551,0.835,0.06755,68460000000000,3.85e+16,26.810917,1.21545839,25.3905572,86.875902
0.03551,0.835,0.06755,68500000000000,3.846e+16,26.8105608,1.21542522,25.3905583,86.8771152
0.03551,0.835,0.06755,68500000000000,3.85e+16,26.810675,1.21544384,25.3905513,86.8761783
0.03555,0.831,0.06751,68460000000000,3.846e+16,26.8006244,1.21554919,25.3788681,86.8760596
0.03555,0.831,0.06751,68460000000000,3.85e+16,26.8020928,1.21556937,25.3801072,86.8751347
0.03555,0.831,0.06751,68500000000000,3.846e+16,26.8003826,1.21553463,25.3788623,86.8763363
0.03555,0.831,0.06751,68500000000000,3.85e+16,26.8018512,1.21555482,25.3801014,86.8754121
0.03555,0.831,0.06755,68460000000000,3.846e+16,26.8006244,1.21554919,25.3788681,86.8760596
0.03555,0.831,0.06755,68460000000000,3.85e+16,26.8020927,1.21556937,25.3801072,86.8751346
0.03555,0.831,0.06755,68500000000000,3.846e+16,26.8003826,1.21553463,25.3788623,86.8763363
0.03555,0.831,0.06755,68500000000000,3.85e+16,26.8018512,1.21555482,25.3801014,86.8754121
0.03555,0.835,0.06751,68460000000000,3.846e+16,26.8115326,1.21543921,25.3905698,86.8792247
0.03555,0.835,0.06751,68460000000000,3.85e+16,26.8116473,1.21545783,25.3905628,86.8782897
0.03555,0.835,0.06751,68500000000000,3.846e+16,26.8112903,1.21542466,25.3905639,86.8795002
0.03555,0.835,0.06751,68500000000000,3.85e+16,26.8114053,1.21544328,25.3905569,86.8785659
0.03555,0.835,0.06755,68460000000000,3.846e+16,26.8115152,1.21544021,25.3905698,86.879097
0.03555,0.835,0.06755,68460000000000,3.85e+16,26.8116299,1.21545883,25.3905628,86.878162
0.03555,0.835,0.06755,68500000000000,3.846e+16,26.8112729,1.21542565,25.3905639,86.8793726
0.03555,0.835,0.06755,68500000000000,3.85e+16,26.8113879,1.21544427,25.3905569,86.8784383
0.03556,0.836,0.06756,68510000000000,3.851e+16,26.8138894,1.21541821,25.3931473,86.8795429
0.03556,0.836,0.06756,68510000000000,3.855e+16,26.814004,1.21543682,25.3931403,86.8786084
0.03556,0.836,0.06756,68550000000000,3.851e+16,26.8136472,1.21540367,25.3931414,86.8798178
0.03556,0.836,0.06756,68550000000000,3.855e+16,26.8137619,1.21542228,25.3931344,86.8788837
0.03556,0.84,0.06756,68510000000000,3.851e+16,26.8232431,1.21530727,25.4034308,86.8825988
0.03556,0.84,0.06756,68510000000000,3.855e+16,26.8233587,1.21532589,25.4034237,86.8816665
0.03556,0.84,0.06756,68550000000000,3.851e+16,26.8230004,1.21529273,25.4034249,86.8828723
0.03556,0.84,0.06756,68550000000000,3.855e+16,26.8231162,1.21531136,25.4034178,86.8819405
0.03561,0.841,0.06761,68560000000000,3.856e+16,26.8262967,1.21528885,25.4059709,86.8851196
0.03561,0.841,0.06761,68560000000000,3.86e+16,26.8264129,1.21530745,25.4059638,86.88419
0.03561,0.841,0.06761,68600000000000,3.856e+16,26.826054,1.21527432,25.4059649,86.8853924
0.03561,0.841,0.06761,68600000000000,3.86e+16,26.8261704,1.21529293,25.4059578,86.8844633
0.03561,0.845,0.06761,68560000000000,3.856e+16,26.8354468,1.21517546,25.416085,86.8882745
0.03561,0.845,0.06761,68560000000000,3.86e+16,26.835564,1.21519408,25.4160778,86.8873469
0.03561,0.845,0.06761,68600000000000,3.856e+16,26.8352036,1.21516094,25.4160789,86.8885458
0.03561,0.845,0.06761,68600000000000,3.86e+16,26.835321,1.21517957,25.4160718,86.8876188
0.03566,0.846,0.06766,68610000000000,3.861e+16,26.8384334,1.21515569,25.4185828,86.8908194
0.03566,0.846,0.06766,68610000000000,3.862e+16,26.838463,1.21516034,25.418581,86.8905884
0.03566,0.846,0.06766,68620000000000,3.861e+16,26.8383727,1.21515206,25.4185813,86.8908871
0.03566,0.846,0.06766,68620000000000,3.862e+16,26.8384022,1.21515672,25.4185795,86.890656
0.03566,0.847,0.06766,68610000000000,3.861e+16,26.8406916,1.21513071,25.4210821,86.8913726
0.03566,0.847,0.06766,68610000000000,3.862e+16,26.8407213,1.21513537,25.4210803,86.8911418
0.03566,0.847,0.06766,68620000000000,3.861e+16,26.8406308,1.21512709,25.4210806,86.8914401
0.03566,0.847,0.06766,68620000000000,3.862e+16,26.8406604,1.21513174,25.4210788,86.8912093
0.03568,0.848,0.06768,68630000000000,3.863e+16,26.8432491,1.21510658,25.4235692,86.8928769
0.03568,0.848,0.06768,68630000000000,3.864e+16,26.8432788,1.21511123,25.4235674,86.8926464
0.03568,0.848,0.06768,68640000000000,3.863e+16,26.8431882,1.21510295,25.4235677,86.8929443
0.03568,0.848,0.06768,68640000000000,3.864e+16,26.8432179,1.2151076,25.4235659,86.8927137
0.03568,0.849,0.06768,68630000000000,3.863e+16,26.8454941,1.21507642,25.4260521,86.8938142
0.03568,0.849,0.06768,68630000000000,3.864e+16,26.8455238,1.21508108,25.4260503,86.8935837
0.03568,0.849,0.06768,68640000000000,3.863e+16,26.8454332,1.2150728,25.4260506,86.8938815
0.03568,0.849,0.06768,68640000000000,3.864e+16,26.8454629,1.21507745,25.4260488,86.893651
0.0357,0.85,0.0677,68650000000000,3.865e+16,26.8479891,1.21505454,25.4285228,86.8950119
0.0357,0.85,0.0677,68650000000000,3.866e+16,26.848019,1.21505919,25.428521,86.8947819
0.0357,0.85,0.0677,68660000000000,3.865e+16,26.8479282,1.21505091,25.4285213,86.895079
0.0357,0.85,0.0677,68660000000000,3.866e+16,26.8479581,1.21505557,25.4285195,86.894849
0.0357,0.851,0.0677,68650000000000,3.865e+16,26.8502387,1.21502462,25.4309894,86.8960034
0.0357,0.851,0.0677,68650000000000,3.866e+16,26.8502686,1.21502928,25.4309875,86.8957734
0.0357,0.851,0.0677,68660000000000,3.865e+16,26.8501777,1.215021,25.4309878,86.8960705
0.0357,0.851,0.0677,68660000000000,3.866e+16,26.8502076,1.21502565,25.430986,86.8958406
0.03572,0.852,0.06772,68670000000000,3.867e+16,26.8527152,1.21500022,25.4334437,86.8973769
0.03572,0.852,0.06772,68670000000000,3.868e+16,26.8527452,1.21500488,25.4334419,86.8971473
0.03572,0.852,0.06772,68680000000000,3.867e+16,26.8526542,1.2149966,25.4334422,86.8974439
0.03572,0.852,0.06772,68680000000000,3.868e+16,26.8526842,1.21500126,25.4334403,86.8972143
0.03572,0.853,0.06772,68670000000000,3.867e+16,26.8549256,1.21497289,25.435894,86.8981127
0.03572,0.853,0.06772,68670000000000,3.868e+16,26.8549557,1.21497755,25.4358922,86.8978834
0.03572,0.853,0.06772,68680000000000,3.867e+16,26.8548646,1.21496927,25.4358925,86.8981795
0.03572,0.853,0.06772,68680000000000,3.868e+16,26.8548947,1.21497393,25.4358907,86.8979502
0.03574,0.854,0.06774,68690000000000,3.869e+16,26.8574277,1.21495014,25.4383322,86.8995071
0.03574,0.854,0.06774,68690000000000,3.87e+16,26.8574578,1.21495479,25.4383304,86.8992779
0.03574,0.854,0.06774,68700000000000,3.869e+16,26.8573667,1.21494652,25.4383306,86.8995739
0.03574,0.854,0.06774,68700000000000,3.87e+16,26.8573968,1.21495117,25.4383288,86.8993447
0.03574,0.854,0.06775,68690000000000,3.869e+16,26.8574276,1.21494888,25.4383322,86.8995966
0.03574,0.854,0.06775,68690000000000,3.87e+16,26.8574578,1.21495354,25.4383304,86.8993674
0.03574,0.854,0.06775,68700000000000,3.869e+16,26.8573666,1.21494526,25.4383306,86.8996634
0.03574,0.854,0.06775,68700000000000,3.87e+16,26.8573968,1.21494992,25.4383288,86.8994342
0.03574,0.855,0.06774,68690000000000,3.869e+16,26.8596032,1.21492153,25.4407664,86.9002765
0.03574,0.855,0.06774,68690000000000,3.87e+16,26.8596334,1.21492619,25.4407646,86.9000475
0.03574,0.855,0.06774,68700000000000,3.869e+16,26.8595421,1.21491791,25.4407649,86.9003431
0.03574,0.855,0.06774,68700000000000,3.87e+16,26.8595723,1.21492257,25.4407631,86.9001142
0.03574,0.855,0.06775,68690000000000,3.869e+16,26.8595993,1.21492295,25.4407664,86.9001627
0.03574,0.855,0.06775,68690000000000,3.87e+16,26.8596295,1.2149276,25.4407646,86.8999338
0.03574,0.855,0.06775,68700000000000,3.869e+16,26.8595382,1.21491933,25.4407649,86.9002294
0.03574,0.855,0.06775,68700000000000,3.87e+16,26.8595685,1.21492398,25.4407631,86.9000005
0.03576,0.856,0.06776,68710000000000,3.871e+16,26.8620648,1.21489746,25.4431871,86.9016944
0.03576,0.856,0.06776,68710000000000,3.872e+16,26.8620951,1.21490211,25.4431853,86.9014659
0.03576,0.856,0.06776,68720000000000,3.871e+16,26.8620037,1.21489384,25.4431856,86.9017608
0.03576,0.856,0.06776,68720000000000,3.872e+16,26.862034,1.21489849,25.4431837,86.9015323
0.03576,0.857,0.06776,68710000000000,3.871e+16,26.8642377,1.21487122,25.4456054,86.9023412
0.03576,0.857,0.06776,68710000000000,3.872e+16,26.8642681,1.21487587,25.4456036,86.9021127
0.03576,0.857,0.06776,68720000000000,3.871e+16,26.8641766,1.2148676,25.4456039,86.9024077
0.03576,0.857,0.06776,68720000000000,3.872e+16,26.864207,1.21487226,25.445602,86.9021791
0.03579,0.858,0.06778,68730000000000,3.873e+16,26.8667907,1.21484647,25.4480112,86.9041537
0.03579,0.858,0.06778,68730000000000,3.874e+16,26.8668212,1.21485113,25.4480093,86.9039258
0.03579,0.858,0.06778,68740000000000,3.873e+16,26.8667296,1.21484286,25.4480096,86.90422
0.03579,0.858,0.06778,68740000000000,3.874e+16,26.8667601,1.21484751,25.4480078,86.903992
0.03579,0.859,0.06778,68730000000000,3.873e+16,26.8689505,1.21482065,25.4504136,86.9047831
0.03579,0.859,0.06778,68730000000000,3.874e+16,26.8689812,1.21482531,25.4504118,86.9045554
0.03579,0.859,0.06778,68740000000000,3.873e+16,26.8688893,1.21481703,25.4504121,86.9048492
0.03579,0.859,0.06778,68740000000000,3.874e+16,26.86892,1.21482169,25.4504102,86.9046215
0.03581,0.86,0.0678,68750000000000,3.875e+16,26.8713568,1.21479528,25.4528039,86.9062189
0.03581,0.86,0.0678,68750000000000,3.876e+16,26.8713874,1.21479993,25.4528021,86.9059913
0.03581,0.86,0.0678,68760000000000,3.875e+16,26.8712956,1.21479166,25.4528024,86.9062849
0.03581,0.86,0.0678,68760000000000,3.876e+16,26.8713262,1.21479632,25.4528005,86.9060574
0.03581,0.861,0.0678,68750000000000,3.875e+16,26.8735002,1.21476928,25.4551907,86.9068618
0.03581,0.861,0.0678,68750000000000,3.876e+16,26.8735309,1.21477393,25.4551889,86.9066345
0.03581,0.861,0.0678,68760000000000,3.875e+16,26.8734389,1.21476566,25.4551891,86.9069277
0.03581,0.861,0.0678,68760000000000,3.876e+16,26.8734697,1.21477032,25.4551873,86.9067004
0.03583,0.862,0.06782,68770000000000,3.877e+16,26.875903,1.21474407,25.4575653,86.9083286
0.03583,0.862,0.06782,68770000000000,3.878e+16,26.8759339,1.21474873,25.4575635,86.9081017
0.03583,0.862,0.06782,68780000000000,3.877e+16,26.8758417,1.21474046,25.4575637,86.9083942
0.03583,0.862,0.06782,68780000000000,3.878e+16,26.8758726,1.21474511,25.4575619,86.9081674
0.03583,0.863,0.06782,68770000000000,3.877e+16,26.87803,1.21471704,25.4599365,86.9090462
0.03583,0.863,0.06782,68770000000000,3.878e+16,26.8780609,1.21472169,25.4599346,86.9088194
0.03583,0.863,0.06782,68780000000000,3.877e+16,26.8779688,1.21471342,25.4599349,86.909112
0.03583,0.863,0.06782,68780000000000,3.878e+16,26.8779997,1.21471808,25.459933,86.9088851
0.03585,0.864,0.06784,68790000000000,3.879e+16,26.8804191,1.21469463,25.4622955,86.9103215
0.03585,0.864,0.06784,68790000000000,3.88e+16,26.8804501,1.21469929,25.4622937,86.910095
0.03585,0.864,0.06784,68800000000000,3.879e+16,26.8803578,1.21469102,25.4622939,86.9103871
0.03585,0.864,0.06784,68800000000000,3.88e+16,26.8803888,1.21469567,25.4622921,86.9101606
0.03585,0.865,0.06784,68790000000000,3.879e+16,26.8825334,1.21466786,25.4646512,86.9110325
0.03585,0.865,0.06784,68790000000000,3.88e+16,26.8825645,1.21467252,25.4646494,86.9108062
0.03585,0.865,0.06784,68800000000000,3.879e+16,26.8824721,1.21466425,25.4646496,86.911098
0.03585,0.865,0.06784,68800000000000,3.88e+16,26.8825032,1.21466891,25.4646478,86.9108716
0.03586,0.864,0.06784,68790000000000,3.879e+16,26.8806798,1.21469381,25.4622967,86.9112191
0.03586,0.864,0.06784,68790000000000,3.88e+16,26.8807108,1.21469846,25.4622949,86.9109927
0.03586,0.864,0.06784,68800000000000,3.879e+16,26.8806184,1.21469019,25.4622952,86.9112846
0.03586,0.864,0.06784,68800000000000,3.88e+16,26.8806495,1.21469485,25.4622933,86.9110583
0.03586,0.865,0.06784,68790000000000,3.879e+16,26.8826983,1.21466784,25.4646524,86.911563
0.03586,0.865,0.06784,68790000000000,3.88e+16,26.8827295,1.21467249,25.4646506,86.911337
0.03586,0.865,0.06784,68800000000000,3.879e+16,26.882637,1.21466423,25.4646509,86.9116284
0.03586,0.865,0.06784,68800000000000,3.88e+16,26.8826681,1.21466888,25.464649,86.9114024
0.03587,0.866,0.06786,68810000000000,3.881e+16,26.8849976,1.21464238,25.4669948,86.9128232
0.03587,0.866,0.06786,68810000000000,3.882e+16,26.8850287,1.21464704,25.4669929,86.9125971
0.03587,0.866,0.06786,68820000000000,3.881e+16,26.8849362,1.21463878,25.4669932,86.9128886
0.03587,0.866,0.06786,68820000000000,3.882e+16,26.8849674,1.21464343,25.4669914,86.9126625
0.03587,0.867,0.06786,68810000000000,3.881e+16,26.8869958,1.21461651,25.4693351,86.9131477
0.03587,0.867,0.06786,68810000000000,3.882e+16,26.8870942,1.21462124,25.4693225,86.9131702
0.03587,0.867,0.06786,68820000000000,3.881e+16,26.8869344,1.2146129,25.4693336,86.9132129
0.03587,0.867,0.06786,68820000000000,3.882e+16,26.8870328,1.21461763,25.4693209,86.9132354
0.03589,0.868,0.06788,68830000000000,3.883e+16,26.8894171,1.2145916,25.4716889,86.9147248
0.03589,0.868,0.06788,68830000000000,3.884e+16,26.8894484,1.21459625,25.471687,86.9144993
0.03589,0.868,0.06788,68840000000000,3.883e+16,26.8893557,1.21458799,25.4716873,86.9147899
0.03589,0.868,0.06788,68840000000000,3.884e+16,26.889387,1.21459265,25.4716854,86.9145643
0.03589,0.869,0.06788,68830000000000,3.883e+16,26.8915931,1.21456595,25.4740141,86.9156596
0.03589,0.869,0.06788,68830000000000,3.884e+16,26.8916244,1.21457061,25.4740122,86.9154341
0.03589,0.869,0.06788,68840000000000,3.883e+16,26.8915317,1.21456235,25.4740125,86.9157247
0.03589,0.869,0.06788,68840000000000,3.884e+16,26.891563,1.214567,25.4740106,86.9154992
0.03591,0.87,0.0679,68850000000000,3.885e+16,26.8938328,1.21454237,25.4763272,86.9166939
0.03591,0.87,0.0679,68850000000000,3.89e+16,26.8939896,1.21456564,25.4763179,86.9155676
0.03591,0.87,0.0679,68900000000000,3.885e+16,26.8935255,1.21452435,25.4763191,86.9170179
0.03591,0.87,0.0679,68900000000000,3.89e+16,26.8936825,1.21454762,25.4763098,86.9158923
0.03591,0.87,0.068,68850000000000,3.885e+16,26.8938328,1.21454098,25.4763272,86.9167937
0.03591,0.87,0.068,68850000000000,3.89e+16,26.8939896,1.21456424,25.4763179,86.9156673
0.03591,0.87,0.068,68900000000000,3.885e+16,26.8935255,1.21452296,25.4763191,86.9171176
0.03591,0.87,0.068,68900000000000,3.89e+16,26.8936826,1.21454622,25.4763098,86.9159921
0.03591,0.872,0.0679,68850000000000,3.885e+16,26.8979506,1.21448856,25.4809398,86.9181165
0.03591,0.872,0.0679,68850000000000,3.89e+16,26.898108,1.21451184,25.4809305,86.9169912
0.03591,0.872,0.0679,68900000000000,3.885e+16,26.897643,1.21447054,25.4809318,86.9184396
0.03591,0.872,0.0679,68900000000000,3.89e+16,26.8978007,1.21449382,25.4809224,86.9173153
0.03591,0.872,0.068,68850000000000,3.885e+16,26.8980486,1.21448869,25.4809398,86.9184238
0.03591,0.872,0.068,68850000000000,3.89e+16,26.8982059,1.21451197,25.4809305,86.9172986
0.03591,0.872,0.068,68900000000000,3.885e+16,26.8977409,1.21447067,25.4809318,86.9187469
0.03591,0.872,0.068,68900000000000,3.89e+16,26.8978987,1.21449395,25.4809224,86.9176227
0.036,0.87,0.0679,68850000000000,3.885e+16,26.8952818,1.21454691,25.4763381,86.9210151
0.036,0.87,0.0679,68850000000000,3.89e+16,26.8954408,1.21457017,25.4763288,86.9198958
0.036,0.87,0.0679,68900000000000,3.885e+16,26.8949743,1.21452888,25.47633,86.9213387
0.036,0.87,0.0679,68900000000000,3.89e+16,26.8951333,1.21455215,25.4763207,86.9202193
0.036,0.87,0.068,68850000000000,3.885e+16,26.8952818,1.21454539,25.4763381,86.9211235
0.036,0.87,0.068,68850000000000,3.89e+16,26.8954408,1.21456866,25.4763288,86.9200042
0.036,0.87,0.068,68900000000000,3.885e+16,26.8949743,1.21452737,25.47633,86.9214469
0.036,0.87,0.068,68900000000000,3.89e+16,26.8951333,1.21455064,25.4763207,86.9203276
0.036,0.872,0.0679,68850000000000,3.885e+16,26.8994971,1.21449317,25.4809507,86.922747
0.036,0.872,0.0679,68850000000000,3.89e+16,26.8996566,1.21451645,25.4809413,86.9216288
0.036,0.872,0.0679,68900000000000,3.885e+16,26.8991891,1.21447515,25.4809426,86.9230691
0.036,0.872,0.0679,68900000000000,3.89e+16,26.8993489,1.21449843,25.4809332,86.9219517
0.036,0.872,0.068,68850000000000,3.885e+16,26.8994027,1.21449302,25.4809507,86.9224531
0.036,0.872,0.068,68850000000000,3.89e+16,26.8995623,1.21451629,25.4809413,86.9213349
0.036,0.872,0.068,68900000000000,3.885e+16,26.8990948,1.214475,25.4809426,86.9227753
0.036,0.872,0.068,68900000000000,3.89e+16,26.8992546,1.21449827,25.4809332,86.9216577
0.03601,0.873,0.06801,68910000000000,3.891e+16,26.9014272,1.21447293,25.483226,86.9226712
0.03601,0.873,0.06801,68910000000000,3.9e+16,26.9017127,1.21451477,25.4832091,86.9206568
0.03601,0.873,0.06801,69000000000000,3.891e+16,26.9008736,1.21444054,25.4832114,86.9232503
0.03601,0.873,0.06801,69000000000000,3.9e+16,26.9011595,1.21448238,25.4831945,86.9212371
0.03601,0.873,0.0681,68910000000000,3.891e+16,26.9014272,1.21447293,25.483226,86.9226712
0.03601,0.873,0.0681,68910000000000,3.9e+16,26.9017127,1.21451477,25.4832091,86.9206568
0.03601,0.873,0.0681,69000000000000,3.891e+16,26.9008736,1.21444054,25.4832114,86.9232503
0.03601,0.873,0.0681,69000000000000,3.9e+16,26.9011595,1.21448238,25.4831945,86.9212371
0.03601,0.875,0.06801,68910000000000,3.891e+16,26.9055013,1.2144185,25.4877937,86.9241511
0.03601,0.875,0.06801,68910000000000,3.9e+16,26.905788,1.21446035,25.4877768,86.9221395
0.03601,0.875,0.06801,69000000000000,3.891e+16,26.9049471,1.21438611,25.4877791,86.9247287
0.03601,0.875,0.06801,69000000000000,3.9e+16,26.9052342,1.21442797,25.4877621,86.9227179
0.03601,0.875,0.0681,68910000000000,3.891e+16,26.9054976,1.21441937,25.4877937,86.9240769
0.03601,0.875,0.0681,68910000000000,3.9e+16,26.9057843,1.21446122,25.4877768,86.922065
0.03601,0.875,0.0681,69000000000000,3.891e+16,26.9049435,1.21438698,25.4877791,86.9246547
0.03601,0.875,0.0681,69000000000000,3.9e+16,26.9052305,1.21442884,25.4877621,86.9226437
0.0361,0.873,0.06801,68910000000000,3.891e+16,26.902942,1.21447766,25.4832368,86.9271907
0.0361,0.873,0.06801,68910000000000,3.9e+16,26.9032312,1.21451949,25.4832199,86.9251883
0.0361,0.873,0.06801,69000000000000,3.891e+16,26.9023876,1.21444526,25.4832222,86.9277676
0.0361,0.873,0.06801,69000000000000,3.9e+16,26.9026775,1.21448711,25.4832053,86.9257668
0.0361,0.873,0.0681,68910000000000,3.891e+16,26.9028436,1.21447602,25.4832368,86.9269899
0.0361,0.873,0.0681,68910000000000,3.9e+16,26.9031327,1.21451785,25.4832199,86.9249871
0.0361,0.873,0.0681,69000000000000,3.891e+16,26.9022892,1.21444363,25.4832222,86.9275665
0.0361,0.873,0.0681,69000000000000,3.9e+16,26.9025791,1.21448547,25.4832053,86.9255659
0.0361,0.875,0.06801,68910000000000,3.891e+16,26.9069133,1.21442392,25.487803,86.9282933
0.0361,0.875,0.06801,68910000000000,3.9e+16,26.9072036,1.21446577,25.4877861,86.926293
0.0361,0.875,0.06801,69000000000000,3.891e+16,26.9063584,1.21439153,25.4877883,86.9288689
0.0361,0.875,0.06801,69000000000000,3.9e+16,26.9066493,1.21443339,25.4877714,86.9268702
0.0361,0.875,0.0681,68910000000000,3.891e+16,26.9069133,1.21442261,25.487803,86.9283866
0.0361,0.875,0.0681,68910000000000,3.9e+16,26.9072035,1.21446447,25.4877861,86.9263863
0.0361,0.875,0.0681,69000000000000,3.891e+16,26.9063584,1.21439023,25.4877883,86.928962
0.0361,0.875,0.0681,69000000000000,3.9e+16,26.9066493,1.21443209,25.4877714,86.9269634
0.03611,0.876,0.06811,69010000000000,3.901e+16,26.908803,1.21440708,25.4900418,86.9279681
0.03611,0.876,0.06811,69010000000000,3.905e+16,26.9089314,1.21442566,25.4900342,86.9270787
0.03611,0.876,0.06811,69050000000000,3.901e+16,26.9085566,1.21439271,25.4900352,86.9282233
0.03611,0.876,0.06811,69050000000000,3.905e+16,26.9086852,1.21441129,25.4900277,86.9273346
0.03611,0.876,0.0682,69010000000000,3.901e+16,26.9088984,1.21440838,25.4900418,86.9281831
0.03611,0.876,0.0682,69010000000000,3.905e+16,26.9090268,1.21442696,25.4900342,86.9272937
0.03611,0.876,0.0682,69050000000000,3.901e+16,26.9086521,1.21439401,25.4900352,86.9284385
0.03611,0.876,0.0682,69050000000000,3.905e+16,26.9087807,1.21441259,25.4900277,86.9275497
0.03611,0.877,0.06811,69010000000000,3.901e+16,26.9108871,1.21438054,25.4923701,86.9286604
0.03611,0.877,0.06811,69010000000000,3.905e+16,26.9110159,1.21439912,25.4923626,86.927772
0.03611,0.877,0.06811,69050000000000,3.901e+16,26.9106407,1.21436617,25.4923636,86.9289157
0.03611,0.877,0.06811,69050000000000,3.905e+16,26.9107695,1.21438475,25.492356,86.9280272
0.03611,0.877,0.0682,69010000000000,3.901e+16,26.9108833,1.2143816,25.4923701,86.9285719
0.03611,0.877,0.0682,69010000000000,3.905e+16,26.9110121,1.21440019,25.4923626,86.9276836
0.03611,0.877,0.0682,69050000000000,3.901e+16,26.910637,1.21436723,25.4923636,86.9288275
0.03611,0.877,0.0682,69050000000000,3.905e+16,26.9107658,1.21438581,25.492356,86.9279388
0.0362,0.876,0.06811,69010000000000,3.901e+16,26.9102842,1.21441254,25.4900525,86.9323257
0.0362,0.876,0.06811,69010000000000,3.905e+16,26.9104143,1.21443112,25.4900449,86.9314417
0.0362,0.876,0.06811,69050000000000,3.901e+16,26.9100375,1.21439817,25.4900459,86.9325801
0.0362,0.876,0.06811,69050000000000,3.905e+16,26.9101679,1.21441675,25.4900384,86.9316967
0.0362,0.876,0.0682,69010000000000,3.901e+16,26.9101849,1.21441369,25.4900525,86.9319228
0.0362,0.876,0.0682,69010000000000,3.905e+16,26.910315,1.21443227,25.4900449,86.9310387
0.0362,0.876,0.0682,69050000000000,3.901e+16,26.9099382,1.21439931,25.4900459,86.9321774
0.0362,0.876,0.0682,69050000000000,3.905e+16,26.9100685,1.21441789,25.4900384,86.9312938
0.0362,0.877,0.06811,69010000000000,3.901e+16,26.9122999,1.21438538,25.4923177,86.9330559
0.0362,0.877,0.06811,69010000000000,3.905e+16,26.9124302,1.21440397,25.4923102,86.9321723
0.0362,0.877,0.06811,69050000000000,3.901e+16,26.9120533,1.21437101,25.4923112,86.9333105
0.0362,0.877,0.06811,69050000000000,3.905e+16,26.9121836,1.21438959,25.4923036,86.932427
0.0362,0.877,0.0682,69010000000000,3.901e+16,26.9122998,1.21438592,25.4923177,86.9330175
0.0362,0.877,0.0682,69010000000000,3.905e+16,26.9124302,1.2144045,25.4923102,86.932134
0.0362,0.877,0.0682,69050000000000,3.901e+16,26.9120532,1.21437154,25.4923112,86.9332721
0.0362,0.877,0.0682,69050000000000,3.905e+16,26.9121836,1.21439013,25.4923036,86.9323887
0.03621,0.878,0.06821,69060000000000,3.906e+16,26.9142837,1.21436378,25.4946224,86.9331518
0.03621,0.878,0.06821,69060000000000,3.91e+16,26.9144137,1.21438234,25.4946148,86.9322682
0.03621,0.878,0.06821,69100000000000,3.906e+16,26.9140371,1.21434942,25.4946158,86.9334055
0.03621,0.878,0.06821,69100000000000,3.91e+16,26.9141673,1.21436799,25.4946083,86.9325226
0.03621,0.879,0.06821,69060000000000,3.906e+16,26.916384,1.21433864,25.4968731,86.9340608
0.03621,0.879,0.06821,69060000000000,3.91e+16,26.9165144,1.21435721,25.4968656,86.9331782
0.03621,0.879,0.06821,69100000000000,3.906e+16,26.9161374,1.21432428,25.4968665,86.9343146
0.03621,0.879,0.06821,69100000000000,3.91e+16,26.9162677,1.21434285,25.496859,86.9334318
0.03626,0.88,0.06826,69110000000000,3.911e+16,26.9188879,1.21431822,25.4991047,86.9360005
0.03626,0.88,0.06826,69110000000000,3.912e+16,26.9189207,1.21432286,25.4991029,86.9357806
0.03626,0.88,0.06826,69120000000000,3.911e+16,26.9188262,1.21431463,25.4991031,86.9360638
0.03626,0.88,0.06826,69120000000000,3.912e+16,26.918859,1.21431927,25.4991012,86.9358437
0.03626,0.881,0.06826,69110000000000,3.911e+16,26.9208732,1.21429262,25.5013409,86.9366207
0.03626,0.881,0.06826,69110000000000,3.912e+16,26.920906,1.21429726,25.501339,86.9364008
0.03626,0.881,0.06826,69120000000000,3.911e+16,26.9208115,1.21428904,25.5013393,86.9366839
0.03626,0.881,0.06826,69120000000000,3.912e+16,26.9208443,1.21429368,25.5013374,86.936464
0.03631,0.882,0.06831,69130000000000,3.913e+16,26.9235407,1.21427192,25.5035686,86.9391229
0.03631,0.882,0.06831,69130000000000,3.914e+16,26.9235737,1.21427656,25.5035667,86.9389037
0.03631,0.882,0.06831,69140000000000,3.913e+16,26.9234789,1.21426833,25.5035669,86.9391859
0.03631,0.882,0.06831,69140000000000,3.914e+16,26.923512,1.21427298,25.503565,86.9389667
0.03631,0.883,0.06831,69130000000000,3.913e+16,26.9256116,1.2142432,25.5057903,86.9402928
0.03631,0.883,0.06831,69130000000000,3.914e+16,26.9256447,1.21424784,25.5057884,86.9400738
0.03631,0.883,0.06831,69140000000000,3.913e+16,26.9255498,1.21423962,25.5057887,86.9403556
0.03631,0.883,0.06831,69140000000000,3.914e+16,26.925583,1.21424426,25.5057868,86.9401367
0.03635,0.882,0.06831,69130000000000,3.913e+16,26.9241364,1.21427292,25.5035733,86.9409589
0.03635,0.882,0.06831,69130000000000,3.914e+16,26.9241695,1.21427756,25.5035714,86.9407401
0.03635,0.882,0.06831,69140000000000,3.913e+16,26.9240746,1.21426933,25.5035716,86.9410219
0.03635,0.882,0.06831,69140000000000,3.914e+16,26.9241078,1.21427397,25.5035697,86.9408032
0.03635,0.883,0.06831,69130000000000,3.913e+16,26.9262037,1.21424468,25.505795,86.9420829
0.03635,0.883,0.06831,69130000000000,3.914e+16,26.9262369,1.21424932,25.5057931,86.9418643
0.03635,0.883,0.06831,69140000000000,3.913e+16,26.9261419,1.21424109,25.5057933,86.9421456
0.03635,0.883,0.06831,69140000000000,3.914e+16,26.9261751,1.21424574,25.5057914,86.9419272
0.03636,0.884,0.06833,69150000000000,3.915e+16,26.9281582,1.2142224,25.5080036,86.9424604
0.03636,0.884,0.06833,69150000000000,3.916e+16,26.9281915,1.21422704,25.5080017,86.9422421
0.03636,0.884,0.06833,69160000000000,3.915e+16,26.9280963,1.21421882,25.5080019,86.9425229
0.03636,0.884,0.06833,69160000000000,3.916e+16,26.9281296,1.21422346,25.508,86.9423047
0.03636,0.885,0.06833,69150000000000,3.915e+16,26.930211,1.2141948,25.510211,86.9435406
0.03636,0.885,0.06833,69150000000000,3.916e+16,26.9302443,1.21419945,25.5102091,86.9433223
0.03636,0.885,0.06833,69160000000000,3.915e+16,26.9301491,1.21419122,25.5102093,86.9436032
0.03636,0.885,0.06833,69160000000000,3.916e+16,26.9301825,1.21419586,25.5102074,86.943385
0.03641,0.886,0.06835,69170000000000,3.917e+16,26.9327324,1.21417271,25.5124099,86.9457686
0.03641,0.886,0.06835,69170000000000,3.918e+16,26.932766,1.21417735,25.512408,86.945551
0.03641,0.886,0.06835,69180000000000,3.917e+16,26.9326705,1.21416913,25.5124082,86.945831
0.03641,0.886,0.06835,69180000000000,3.918e+16,26.9327041,1.21417377,25.5124063,86.9456135
0.03641,0.886,0.06836,69170000000000,3.917e+16,26.9327338,1.21417491,25.5124099,86.9456155
0.03641,0.886,0.06836,69170000000000,3.918e+16,26.9327674,1.21417956,25.512408,86.9453979
0.03641,0.886,0.06836,69180000000000,3.917e+16,26.9326719,1.21417133,25.5124082,86.9456779
0.03641,0.886,0.06836,69180000000000,3.918e+16,26.9327055,1.21417597,25.5124063,86.9454604
0.03641,0.887,0.06835,69170000000000,3.917e+16,26.9346721,1.21414758,25.5146031,86.9463557
0.03641,0.887,0.06835,69170000000000,3.918e+16,26.9347057,1.21415222,25.5146012,86.9461384
0.03641,0.887,0.06835,69180000000000,3.917e+16,26.9346101,1.214144,25.5146014,86.9464179
0.03641,0.887,0.06835,69180000000000,3.918e+16,26.9346437,1.21414864,25.5145995,86.9462006
0.03641,0.887,0.06836,69170000000000,3.917e+16,26.9346721,1.21414758,25.5146031,86.9463557
0.03641,0.887,0.06836,69170000000000,3.918e+16,26.9347057,1.21415222,25.5146012,86.9461384
0.03641,0.887,0.06836,69180000000000,3.917e+16,26.9346101,1.214144,25.5146014,86.9464179
0.03641,0.887,0.06836,69180000000000,3.918e+16,26.9346438,1.21414864,25.5145995,86.9462007
0.03645,0.886,0.06835,69170000000000,3.917e+16,26.933312,1.21417578,25.5124145,86.9474042
0.03645,0.886,0.06835,69170000000000,3.918e+16,26.9333458,1.21418042,25.5124126,86.9471872
0.03645,0.886,0.06835,69180000000000,3.917e+16,26.9332501,1.2141722,25.5124128,86.9474667
0.03645,0.886,0.06835,69180000000000,3.918e+16,26.9332838,1.21417684,25.5124109,86.9472495
0.03645,0.886,0.06836,69170000000000,3.917e+16,26.9333108,1.21417514,25.5124145,86.9474466
0.03645,0.886,0.06836,69170000000000,3.918e+16,26.9333445,1.21417978,25.5124126,86.9472296
0.03645,0.886,0.06836,69180000000000,3.917e+16,26.9332489,1.21417155,25.5124128,86.9475091
0.03645,0.886,0.06836,69180000000000,3.918e+16,26.9332826,1.21417619,25.5124109,86.9472919
0.03645,0.887,0.06835,69170000000000,3.917e+16,26.9353505,1.21415032,25.5146077,86.9483337
0.03645,0.887,0.06835,69170000000000,3.918e+16,26.9353842,1.21415496,25.5146058,86.9481168
0.03645,0.887,0.06835,69180000000000,3.917e+16,26.9352885,1.21414674,25.514606,86.948396
0.03645,0.887,0.06835,69180000000000,3.918e+16,26.9353223,1.21415138,25.5146041,86.9481791
0.03645,0.887,0.06836,69170000000000,3.917e+16,26.9352503,1.21415066,25.5146077,86.9479862
0.03645,0.887,0.06836,69170000000000,3.918e+16,26.9352841,1.2141553,25.5146058,86.9477694
0.03645,0.887,0.06836,69180000000000,3.917e+16,26.9351884,1.21414708,25.514606,86.9480485
0.03645,0.887,0.06836,69180000000000,3.918e+16,26.9352222,1.21415172,25.5146041,86.9478317
0.03646,0.888,0.06837,69190000000000,3.919e+16,26.9372699,1.21412436,25.5167878,86.9489593
0.03646,0.888,0.06837,69190000000000,3.92e+16,26.9373037,1.21412901,25.5167859,86.9487427
0.03646,0.888,0.06837,69200000000000,3.919e+16,26.9372079,1.21412078,25.5167861,86.9490214
0.03646,0.888,0.06837,69200000000000,3.92e+16,26.9372417,1.21412543,25.5167842,86.9488048
0.03646,0.889,0.06837,69190000000000,3.919e+16,26.939196,1.21409952,25.5189669,86.9495303
0.03646,0.889,0.06837,69190000000000,3.92e+16,26.9392299,1.21410417,25.518965,86.9493137
0.03646,0.889,0.06837,69200000000000,3.919e+16,26.939134,1.21409594,25.5189652,86.9495924
0.03646,0.889,0.06837,69200000000000,3.92e+16,26.9391679,1.21410058,25.5189633,86.9493758
0.03651,0.89,0.06839,69210000000000,3.921e+16,26.9417711,1.21407742,25.5211374,86.9520286
0.03651,0.89,0.06839,69210000000000,3.93e+16,26.9420762,1.21411916,25.5211202,86.9500832
0.03651,0.89,0.06839,69300000000000,3.921e+16,26.9412129,1.21404523,25.5211223,86.9525845
0.03651,0.89,0.06839,69300000000000,3.93e+16,26.9415187,1.21408698,25.5211049,86.9506408
0.03651,0.89,0.0685,69210000000000,3.921e+16,26.9417698,1.21407731,25.5211374,86.952033
0.03651,0.89,0.0685,69210000000000,3.93e+16,26.9420749,1.21411904,25.5211202,86.9500875
0.03651,0.89,0.0685,69300000000000,3.921e+16,26.9412116,1.21404512,25.5211223,86.9525888
0.03651,0.89,0.0685,69300000000000,3.93e+16,26.9415174,1.21408686,25.5211049,86.9506451
0.03651,0.891,0.06839,69210000000000,3.921e+16,26.9436798,1.2140498,25.5233026,86.9527907
0.03651,0.891,0.06839,69210000000000,3.93e+16,26.9439853,1.21409154,25.5232852,86.9508461
0.03651,0.891,0.06839,69300000000000,3.921e+16,26.9431215,1.21401762,25.5232873,86.953346
0.03651,0.891,0.06839,69300000000000,3.93e+16,26.9434277,1.21405936,25.52327,86.9514033
0.03651,0.891,0.0685,69210000000000,3.921e+16,26.9436799,1.21405217,25.5233026,86.9526209
0.03651,0.891,0.0685,69210000000000,3.93e+16,26.9439854,1.21409392,25.5232852,86.9506763
0.03651,0.891,0.0685,69300000000000,3.921e+16,26.9431215,1.21401999,25.5232873,86.9531764
0.03651,0.891,0.0685,69300000000000,3.93e+16,26.9434278,1.21406173,25.52327,86.9512336
0.03655,0.89,0.06839,69210000000000,3.921e+16,26.9423348,1.21407887,25.521142,86.953729
0.03655,0.89,0.06839,69210000000000,3.93e+16,26.9426415,1.2141206,25.5211247,86.9517887
0.03655,0.89,0.06839,69300000000000,3.921e+16,26.9417766,1.21404668,25.5211268,86.9542849
0.03655,0.89,0.06839,69300000000000,3.93e+16,26.9420837,1.21408842,25.5211095,86.9523454
0.03655,0.89,0.0685,69210000000000,3.921e+16,26.9423362,1.21407895,25.521142,86.9537278
0.03655,0.89,0.0685,69210000000000,3.93e+16,26.9426429,1.21412068,25.5211247,86.9517875
0.03655,0.89,0.0685,69300000000000,3.921e+16,26.941778,1.21404676,25.5211268,86.9542835
0.03655,0.89,0.0685,69300000000000,3.93e+16,26.9420852,1.2140885,25.5211095,86.9523442
0.03655,0.891,0.06839,69210000000000,3.921e+16,26.9442448,1.21405151,25.5233071,86.9544763
0.03655,0.891,0.06839,69210000000000,3.93e+16,26.9445519,1.21409325,25.5232898,86.9525367
0.03655,0.891,0.06839,69300000000000,3.921e+16,26.9436861,1.21401932,25.5232919,86.9550303
0.03655,0.891,0.06839,69300000000000,3.93e+16,26.943994,1.21406107,25.5232745,86.9530929
0.03655,0.891,0.0685,69210000000000,3.921e+16,26.9443485,1.21405312,25.5233071,86.9546958
0.03655,0.891,0.0685,69210000000000,3.93e+16,26.9446556,1.21409486,25.5232898,86.9527564
0.03655,0.891,0.0685,69300000000000,3.921e+16,26.9437897,1.21402093,25.5232919,86.9552499
0.03655,0.891,0.0685,69300000000000,3.93e+16,26.9440976,1.21406268,25.5232745,86.9533125
0.03656,0.892,0.06851,69310000000000,3.931e+16,26.9460097,1.21403606,25.5254301,86.9540454
0.03656,0.892,0.06851,69310000000000,3.94e+16,26.9463144,1.21407773,25.5254128,86.9521034
0.03656,0.892,0.06851,69400000000000,3.931e+16,26.945452,1.21400394,25.5254148,86.9545989
0.03656,0.892,0.06851,69400000000000,3.94e+16,26.9457575,1.21404561,25.5253975,86.9526588
0.03656,0.892,0.0686,69310000000000,3.931e+16,26.9461136,1.21403658,25.5254301,86.9543439
0.03656,0.892,0.0686,69310000000000,3.94e+16,26.94641,1.21407824,25.5254128,86.9523752
0.03656,0.892,0.0686,69400000000000,3.931e+16,26.9455558,1.21400445,25.5254148,86.954897
0.03656,0.892,0.0686,69400000000000,3.94e+16,26.945853,1.21404612,25.5253975,86.9529306
0.03656,0.893,0.06851,69310000000000,3.931e+16,26.9479052,1.21401147,25.5275813,86.9545954
0.03656,0.893,0.06851,69310000000000,3.94e+16,26.9482106,1.21405315,25.5275639,86.952655
0.03656,0.893,0.06851,69400000000000,3.931e+16,26.9473472,1.21397935,25.527566,86.9551483
0.03656,0.893,0.06851,69400000000000,3.94e+16,26.9476532,1.21402103,25.5275486,86.9532091
0.03656,0.893,0.0686,69310000000000,3.931e+16,26.9479052,1.21401155,25.5275813,86.9545898
0.03656,0.893,0.0686,69310000000000,3.94e+16,26.9482106,1.21405323,25.5275639,86.9526495
0.03656,0.893,0.0686,69400000000000,3.931e+16,26.9473472,1.21397942,25.527566,86.9551428
0.03656,0.893,0.0686,69400000000000,3.94e+16,26.9476532,1.21402111,25.5275486,86.9532037
0.03661,0.894,0.06861,69410000000000,3.941e+16,26.9500924,1.2139967,25.5296948,86.9555122
0.03661,0.894,0.06861,69410000000000,3.95e+16,26.950397,1.2140383,25.5296774,86.9535745
0.03661,0.894,0.06861,69500000000000,3.941e+16,26.9495351,1.21396463,25.5296794,86.9560633
0.03661,0.894,0.06861,69500000000000,3.95e+16,26.9498402,1.21400624,25.529662,86.9541266
0.03661,0.894,0.0687,69410000000000,3.941e+16,26.950186,1.21399893,25.5296948,86.9556541
0.03661,0.894,0.0687,69410000000000,3.95e+16,26.9504905,1.21404054,25.5296774,86.953716
0.03661,0.894,0.0687,69500000000000,3.941e+16,26.9496287,1.21396686,25.5296794,86.9562055
0.03661,0.894,0.0687,69500000000000,3.95e+16,26.9499338,1.21400847,25.529662,86.9542687
0.03661,0.895,0.06861,69410000000000,3.941e+16,26.9519707,1.21397043,25.5318321,86.9561744
0.03661,0.895,0.06861,69410000000000,3.95e+16,26.9522756,1.21401204,25.5318147,86.9542369
0.03661,0.895,0.06861,69500000000000,3.941e+16,26.951413,1.21393837,25.5318167,86.9567245
0.03661,0.895,0.06861,69500000000000,3.95e+16,26.9517188,1.21397998,25.5317993,86.9547892
0.03661,0.895,0.0687,69410000000000,3.941e+16,26.9519708,1.21397032,25.5318321,86.9561821
0.03661,0.895,0.0687,69410000000000,3.95e+16,26.9522757,1.21401193,25.5318147,86.9542447
0.03661,0.895,0.0687,69500000000000,3.941e+16,26.9514131,1.21393826,25.5318167,86.9567322
0.03661,0.895,0.0687,69500000000000,3.95e+16,26.9517189,1.21397988,25.5317993,86.9547971
0.03666,0.896,0.06871,69510000000000,3.951e+16,26.9542585,1.21395694,25.5339316,86.9573712
0.03666,0.896,0.06871,69510000000000,3.96e+16,26.9545625,1.21399847,25.5339142,86.9554363
0.03666,0.896,0.06871,69600000000000,3.951e+16,26.9537015,1.21392493,25.5339162,86.9579196
0.03666,0.896,0.06871,69600000000000,3.96e+16,26.9540064,1.21396648,25.5338987,86.9559868
0.03666,0.896,0.0688,69510000000000,3.951e+16,26.9542585,1.21395842,25.5339316,86.957265
0.03666,0.896,0.0688,69510000000000,3.96e+16,26.9545625,1.21399996,25.5339142,86.95533
0.03666,0.896,0.0688,69600000000000,3.951e+16,26.9537015,1.21392641,25.5339162,86.9578135
0.03666,0.896,0.0688,69600000000000,3.96e+16,26.9540064,1.21396796,25.5338987,86.9558808
0.03666,0.897,0.06871,69510000000000,3.951e+16,26.9561278,1.21393246,25.5360552,86.9579237
0.03666,0.897,0.06871,69510000000000,3.96e+16,26.9564327,1.213974,25.5360378,86.9559908
0.03666,0.897,0.06871,69600000000000,3.951e+16,26.9555707,1.21390045,25.5360397,86.958472
0.03666,0.897,0.06871,69600000000000,3.96e+16,26.955876,1.213942,25.5360223,86.9565399
0.03666,0.897,0.0688,69510000000000,3.951e+16,26.9562223,1.21393103,25.5360552,86.9583306
0.03666,0.897,0.0688,69510000000000,3.96e+16,26.9565272,1.21397258,25.5360378,86.9563976
0.03666,0.897,0.0688,69600000000000,3.951e+16,26.9556652,1.21389903,25.5360397,86.9588787
0.03666,0.897,0.0688,69600000000000,3.96e+16,26.9559705,1.21394058,25.5360223,86.9569465
0.03675,0.896,0.06871,69510000000000,3.951e+16,26.9554868,1.21396172,25.5339417,86.9609571
0.03675,0.896,0.06871,69510000000000,3.96e+16,26.9557944,1.21400326,25.5339243,86.9590329
0.03675,0.896,0.06871,69600000000000,3.951e+16,26.9549295,1.21392971,25.5339263,86.9615046
0.03675,0.896,0.06871,69600000000000,3.96e+16,26.9552375,1.21397126,25.5339088,86.9595815
0.03675,0.896,0.0688,69510000000000,3.951e+16,26.9554868,1.21396053,25.5339417,86.9610422
0.03675,0.896,0.0688,69510000000000,3.96e+16,26.9557944,1.21400207,25.5339243,86.9591181
0.03675,0.896,0.0688,69600000000000,3.951e+16,26.9549295,1.21392853,25.5339263,86.9615896
0.03675,0.896,0.0688,69600000000000,3.96e+16,26.9552375,1.21397007,25.5339088,86.9596666
0.03675,0.897,0.06871,69510000000000,3.951e+16,26.9573535,1.21393595,25.5360653,86.9615932
0.03675,0.897,0.06871,69510000000000,3.96e+16,26.9576614,1.2139775,25.5360478,86.9596698
0.03675,0.897,0.06871,69600000000000,3.951e+16,26.9567956,1.21390394,25.5360498,86.9621391
0.03675,0.897,0.06871,69600000000000,3.96e+16,26.9571043,1.21394549,25.5360323,86.9602178
0.03675,0.897,0.0688,69510000000000,3.951e+16,26.9573561,1.21393498,25.5360653,86.9616713
0.03675,0.897,0.0688,69510000000000,3.96e+16,26.9576641,1.21397652,25.5360478,86.9597482
0.03675,0.897,0.0688,69600000000000,3.951e+16,26.9567982,1.21390297,25.5360498,86.9622172
0.03675,0.897,0.0688,69600000000000,3.96e+16,26.957107,1.21394452,25.5360323,86.960296
